ROUTE_ID,Recommendation,Total_Score,Average_Rating
 NO SHOPPING DMZ Tour (Hotel Pick-up),Most Recommended,70,4.666666666666667
 Private Full-day Customizable tour with Professional Guide,Most Recommended,15,5.0
 Private Tour Nami Island with Petite France 'and/or' The Garden of Morning Calm,Most Recommended,130,5.0
 West Jeju Full Day Tour Package By Taxi,Most Recommended,5,5.0
(Private tour) Nami Island + Railbike + Garden of morning calm,Most Recommended,25,5.0
1 DAY Korea Transit Tour : Take a journey in your travel,Most Recommended,5,5.0
1 day Jeonju City tour by KTX Train from Seoul,Most Recommended,5,5.0
1-DAY Gyeongju UNESCO and Culture tour.,Most Recommended,5,5.0
1.Ultimate DMZ & JSA: Private Tour along North Korea Spy Commando Invasion Route,Most Recommended,203,4.833333333333333
3-Hour of Chuncheon Tasting Tour,Most Recommended,15,5.0
3-Hour of Nami Island Food Tour,Most Recommended,10,5.0
8 hours Private Tour in Seoul for the VIP ,Most Recommended,406,4.951219512195122
9-Hour Private Car Charter Tour in Busan,Most Recommended,10,5.0
A Blossoming Adventure: One Day Tour of Jinhae's Cherry Blossoms ,Most Recommended,10,5.0
Activity - Mt. Bukhan Hiking Guided Tour,Most Recommended,80,4.705882352941177
"Afternoon Coex Aquarium, Han River Cruise Tour",Most Recommended,10,5.0
Afternoon Seoul highlights Segway Tour with food tasting and Korean BBQ,Most Recommended,20,5.0
Afternoon Tour of Seoul with Hanbok Wearing,Most Recommended,4,4.0
Alpaca World & Nami Island & Garden of Morning Calm One Day Tour,Most Recommended,49,4.083333333333333
Alpaca World Tour with Nami Island & optional Railbike or Garden,Most Recommended,10,5.0
Alpaca World and Hongcheon Gingko Forest Golden Trails Day Tour,Most Recommended,5,5.0
Alpaca World and Nami Island with Gangchon Rail Bike Tour,Most Recommended,19,4.75
"Alpaca World, Hoengseong Luge & Museum SAN Day Tour from Seoul",Most Recommended,41,4.555555555555555
Ancient Seoul Bicycle food tour: Taste of Seoul!,Most Recommended,10,5.0
Andong Day Tour Depart from Busan,Most Recommended,24,4.8
Andong Hahoe Folk Village Day Tour From Busan,Most Recommended,10,5.0
Andong Hahoe Village [UNESCO site] Premium Private Tour from Seoul,Most Recommended,34,4.857142857142857
BTS (Bangtan Boys) and Goblin Shooting Place Tour,Most Recommended,10,5.0
BTS Army Tour,Most Recommended,10,5.0
"BTS fliming location in Jeonju Tour with House of Awon, Jeonju Zoo",Most Recommended,5,5.0
Beautiful Jeju Island Private UNESCO day Tour (Jumbo Taxi/Van),Most Recommended,20,5.0
Beomeosa Temple and Hongbeopsa Temple Tour and local market tour,Most Recommended,5,5.0
Beomeosa temple and Keumjeonsan Hiking Tour with Korean BBQ,Most Recommended,10,5.0
Best DMZ 3rd Infiltration Tunnel Tour from Seoul (No Shopping),Most Recommended,1389,4.960714285714285
Best Full Day DMZ Tour from Seoul Guided Tour with Red Suspension Bridge ,Most Recommended,254,4.980392156862745
Best Things to Do - Half Day Seoul Trip (Seoul Palace & Temple),Most Recommended,364,4.918918918918919
Best Walking Tour to Gyeongbok Palace n Bukchon with Expert,Most Recommended,189,4.973684210526316
Bukhansan Mountain Private Hike with Lunch,Most Recommended,79,4.9375
Busan Customizable Private Tour with private vehicle,Most Recommended,846,4.976470588235294
Busan Essential Private Tour with Heaedong Yonggungsa and Gamcheon Village,Most Recommended,44,4.888888888888889
Busan Like a Local: Customized Private Tour,Most Recommended,23,4.6
Busan Night Small Group Photo Tour,Most Recommended,165,5.0
Busan Night Tour Including Night Food Market Visit,Most Recommended,12,4.0
Busan Night Tour Including a Cruise w/ Fireworks,Most Recommended,135,4.821428571428571
"Busan Night Tour: Food Market, Cloud Walk, village and Mt. View",Most Recommended,10,5.0
Busan Night food tour - Bupyeong Kkangtong market,Most Recommended,24,4.8
Busan Night view Tour,Most Recommended,4,4.0
Busan Private & Free Style Tour ,Most Recommended,15,5.0
Busan Private Tour : Explore Both Day and Night!,Most Recommended,95,5.0
Busan Private Tour : Iconic Locations of K-Drama & K-Pop,Most Recommended,54,4.909090909090909
Busan Private Tour : Tailored Experiences for Your Group Only!,Most Recommended,814,4.993865030674846
Busan Private Tour with Korean Speaking Driver ,Most Recommended,5,5.0
Busan Scenic Tour,Most Recommended,64,4.923076923076923
Busan Shore Excursion Private Tour : Haedong yonggungsa temple and more,Most Recommended,30,5.0
Busan Shore Excursion Tour with Gamcheon Culture Village,Most Recommended,48,4.8
Busan Tour with Gamcheon Culture Village,Most Recommended,149,4.806451612903226
Busan history and market food tour with local chef,Most Recommended,84,4.9411764705882355
Busan: Fully Customizable Private Tour,Most Recommended,37,4.625
Central Busan Tour : Back to the Chosun Dynasty era (Starts 10:00) ,Most Recommended,10,5.0
Cheonggyecheon Bicycle Tour: Twilight in Seoul,Most Recommended,10,5.0
Cheonggyecheon Night Walk Tour with Korean Young Locals,Most Recommended,10,5.0
"Cheorwon DMZ: Peace Observatory, 2nd Tunnel, Goseokjeong Day Tour",Most Recommended,47,4.7
Cherry Blossom Tour to Jeonju,Most Recommended,25,5.0
Classic Naejangsan National Park One Day Tour (Autumn Limited）,Most Recommended,5,5.0
Cruise Layover : Small Group Busan Highlight Day Tour ,Most Recommended,9,4.5
Custom Tour: Best Night View of Seoul,Most Recommended,30,5.0
Customized Seoul City Tour With a Specialist(Photographer option),Most Recommended,46,4.6
DIY Seoul Private Tour: Select 4 places you want to go,Most Recommended,50,5.0
DMZ & One Additional Course Private Tour,Most Recommended,30,5.0
DMZ &3rd Tunnel Experience - EG Tour Bus A Course,Most Recommended,5,5.0
DMZ Full day with Gloucester Memorial & Suspension Bridge Tour,Most Recommended,925,4.920212765957447
DMZ Group Tour: 3rd Invasion Tunnel& Suspension Bridge from Seoul,Most Recommended,1044,4.947867298578199
DMZ Private Tour (Admission Included),Most Recommended,30,5.0
DMZ TOUR with Exclusive North Korean Defector Meet-Up ,Most Recommended,931,4.774358974358974
DMZ Tour Including the 3rd Tunnel with professional guide ,Most Recommended,10,5.0
DMZ tour - Small-group and No Shopping ,Most Recommended,28,4.666666666666667
DMZ tour pick up & drop off at Incheon airport,Most Recommended,5,5.0
DMZ with Gondola Guided Tour from Seoul *No Shopping,Most Recommended,1106,4.9375
Daegu E-world Cherry Blossom Tour (Night Tour),Most Recommended,5,5.0
Danyang One Day Tour,Most Recommended,9,4.5
Day Tour to Gangchon Rail Bike Nami Island and Petite France,Most Recommended,20,5.0
Day Tour to Nami Island Petite France and Lighting Festival,Most Recommended,30,5.0
Day Trip to Nami Island with Rail bike and The Garden of Morning Calm,Most Recommended,456,4.851063829787234
Day Trip to Nami Island with The Garden of Morning Calm,Most Recommended,363,4.594936708860759
"Day Trip to Petit France, Nami Island and Elysian Ski Resort",Most Recommended,140,5.0
"Day tour for Foodies : Nami Island, Petit France and the garden of morning calm",Most Recommended,20,5.0
East Busan Small Group Photo Tour ,Most Recommended,64,4.923076923076923
"Easy private tour to Nami Island, Garden of Morning Calm ",Most Recommended,10,5.0
Eden Valley Resort Tour Depart from Daegu,Most Recommended,15,5.0
EdenValley Luge & East Busan Day Tour,Most Recommended,19,4.75
Elysian Gangchon Ski Resort Day Tour from Seoul ,Most Recommended,51,4.25
Elysian Gangchon Ski Resort with Nami Island Day Tour from Seoul,Most Recommended,45,5.0
Enchanting Oedo Island Day Tour from Busan,Most Recommended,92,4.842105263157895
Enjoy Busan Winter at Eden Valley Resort One Day Tour,Most Recommended,43,4.3
"Essence of Seoul, Full Day City tour",Most Recommended,5,5.0
Evening Ghost Walking Tour in Seoul,Most Recommended,1556,4.924050632911392
Everland Theme Park & Korean Folk Village tour (private group),Most Recommended,5,5.0
Everland and Caribbean Bay Day Tour,Most Recommended,5,5.0
Exclusive Private DMZ Tour & War Memorial Hall or Suspension Bridge(No Shopping),Most Recommended,5,5.0
Exclusive Private Tour to Suwon UNESCO Fortress and Korea Folks Village,Most Recommended,5,5.0
Extreme Adventure in Cheongpung Lake,Most Recommended,5,5.0
Four Seasons of Nami Island with Garden of Morning Calm Tour,Most Recommended,193,4.948717948717949
Free style Seoul walking Tour,Most Recommended,55,5.0
Free style private Tour(Essence of Seoul city or DMZ),Most Recommended,159,4.96875
Full Day Essential Jeju Island Private tour for West Course,Most Recommended,65,5.0
Full Day Jeju Island Private Tour for East course with Korean Black pork BBQ,Most Recommended,15,5.0
Full Day Private Seoul Highlights Driving Tour with Kris Lim,Most Recommended,15,5.0
Full Day Private Tour DMZ (The 3rd Tunnel) & Suspension Bridge,Most Recommended,10,5.0
"Full Day Private Tour Nami Island, Petite France, Garden & More",Most Recommended,55,5.0
Full Day Seoul Royal Palace Tour Including Namdaemun Market,Most Recommended,15,5.0
Full Day Tour Best Spots in East Busan,Most Recommended,10,5.0
Full Day Tour In The Soop BTS Ver in PyeongChang Filming Location,Most Recommended,949,4.994736842105263
Full Day Tour JSA + DMZ from SEOUL,Most Recommended,125,5.0
Full Day Tour in Gyeongju from Busan,Most Recommended,15,5.0
Full Day Tour in Jeju Island,Most Recommended,66,4.714285714285714
Full Day- Essential Seoul City Tour & Gourmet Tour(including Lunch and Dinner),Most Recommended,118,4.916666666666667
Full day Gyeongju Cherry Blossom Tour,Most Recommended,5,5.0
Full day Korean DMZ & JSA (Panmunjeom) tour without shopping stop,Most Recommended,5,5.0
Full day Private Gyeongju UNESCO Heritage Tour : a glimpse into Silla ,Most Recommended,100,5.0
Full day Seoul City Tour (Private),Most Recommended,379,4.9868421052631575
Full day caring tour in Jeju (Day and Night Tour),Most Recommended,35,5.0
Full-Day Busan City Tour / City & Yacht Experience Tour,Most Recommended,1085,4.779735682819383
Full-Day Busan Tour Including Haedong Yonggungsa Temple,Most Recommended,79,4.9375
Full-Day Busan Tour with Railbike,Most Recommended,104,4.7272727272727275
Full-Day Customizable Private Busan Highlight Tour ,Most Recommended,35,5.0
Full-Day Customizable Private Tour to Nami Island and surrounding Area,Most Recommended,38,4.75
Full-Day Customized Private Tour in Seoul with Hotel Pick Up,Most Recommended,15,5.0
Full-Day Essential Seoul Tour,Most Recommended,683,4.743055555555555
Full-Day Palace Tour in Seoul,Most Recommended,213,4.733333333333333
Full-Day Seoul Highlights Private Guided Tour,Most Recommended,5,5.0
Full-Day Seoul Highlights Tour by SEGWAY with Food tasting and Korean BBQ,Most Recommended,5,5.0
Full-Day Seoul Secret City Private Walking Tour,Most Recommended,10,5.0
Full-Day Ski Package at Jisan Ski Resort from Seoul,Most Recommended,14,4.666666666666667
Full-Day Tour Unmissable things to do in Busan,Most Recommended,152,4.75
Full-day Customizable Private Essential Jeju Island Tour for South course,Most Recommended,9,4.5
Full-day Customizable Private Seoul Highlight Tour,Most Recommended,193,4.948717948717949
"Full-day Private Lotte Tower, Aquarium and Lotte world Theme park Tour ",Most Recommended,14,4.666666666666667
Fully Customizable Private Tour of Jeju Island,Most Recommended,229,4.978260869565218
Gangchon Elysian Ski Tour from Seoul,Most Recommended,36,4.5
Ganghwa Island - Full day private tour,Most Recommended,35,5.0
"Gangnam Style Private Evening Tour: K-pop, Trends & Culture",Most Recommended,20,5.0
Gangnam Tour(Inc. Dinner & Drink) _ The past and present of Korea,Most Recommended,10,5.0
Gwangjang market Netflix Food Walking Tour with Insadong,Most Recommended,35,5.0
Gwangmyeong and Dodeoksan Park Full Day Tour by Bus,Most Recommended,10,5.0
"Gyeongbok Palace Tour, Fullday Seoul City Tour",Most Recommended,19,4.75
Gyeongbok Palace and Korean Folk Village Tour,Most Recommended,5,5.0
Gyeongju Private Tour : Uncover the Eternal Beauty,Most Recommended,180,5.0
Gyeongju Small Group Full Day Photo Tour (Max 7),Most Recommended,99,4.714285714285714
Gyeongju UNESCO World Heritage One Day Tour From Busan,Most Recommended,417,4.685393258426966
Gyeongju UNESCO World Heritage Sites and History Full-Day Tour with Lunch,Most Recommended,84,4.666666666666667
Gyeongju city UNESCO sites full day Private tour,Most Recommended,188,4.947368421052632
Half day DMZ tour from Camp Humphreys,Most Recommended,14,4.666666666666667
Half day Walking tour - Gyeongbok Palace & Bukchon Hanok Village,Most Recommended,5,5.0
Half-Day Exploring the Beauty of Hidden City of Suwon Guided Tour,Most Recommended,5,5.0
Half-Day Jeju Island Private Taxi Tour in O`sulloc and Innisfree,Most Recommended,10,5.0
Half-Day South Korea DMZ Small-Group Tour from Seoul,Most Recommended,100,5.0
Half-day Walking tour of Namdaemun market and Seoul Tower,Most Recommended,5,5.0
Han River Evening Cruise and Gwangjang Night Market Tour,Most Recommended,5,5.0
Hangang River Cruise and N Seoul Tower Night Tour,Most Recommended,4,4.0
Hidden Street Food food tour in Seoul ,Most Recommended,5,5.0
Highlight Seoul Full Day Tour - Seoul Palace & N Seoul Tower,Most Recommended,1852,4.848167539267016
Highlight Seoul Half Day Tour - Seoul Palace & Buddhist Temple,Most Recommended,710,4.733333333333333
Highlights & Hidden Gems With Locals: Best of Seoul Private Walking Tour,Most Recommended,136,4.533333333333333
Hipster Seoul: West Side Food Tour,Most Recommended,64,4.923076923076923
Historic Jongro District Authentic Food Tour in Seoul,Most Recommended,268,4.872727272727273
History and Culture Tour,Most Recommended,9,4.5
Hongdae Private Tours by Locals: 100% Personalized,Most Recommended,5,5.0
Ice Fishing Tour - Hwacheon Sancheoneo Ice Festival Day Trip from Seoul,Most Recommended,10,5.0
"Incheon Port History Tour by 19th Century Electric Car, KTourTOP10",Most Recommended,9,4.5
Jeju Customizable Private Tour ,Most Recommended,5,5.0
Jeju East Coast One Day Tour,Most Recommended,74,4.933333333333334
Jeju Eats and Culture Full-Day Private Tour,Most Recommended,39,4.875
Jeju Island East Bus Tour with Lunch included Full Day Trip Tours,Most Recommended,490,4.9
Jeju Island Private Taxi Tour : UNESCO Day Tour,Most Recommended,207,4.704545454545454
Jeju Island Small Group Full Day Tour - East Course,Most Recommended,29,4.833333333333333
Jeju Island Small Group Full Day Tour - South Course,Most Recommended,15,5.0
Jeju Island South Bus Tour with Lunch included Full Day Trip Tours,Most Recommended,205,4.767441860465116
Jeju Island Taxi Join Tour,Most Recommended,53,4.416666666666667
Jeju Island Taxi Tour - West Day Tour,Most Recommended,10,5.0
Jeju Island Taxi Tour : South Day Tour,Most Recommended,54,4.909090909090909
Jeju Island West Bus Tour with Lunch included Full Day Trip Tours,Most Recommended,823,4.841176470588235
Jeju Outdoor Wedding Photography Package,Most Recommended,5,5.0
Jeju Private Full day tour of UNESCO Day Tour,Most Recommended,75,4.6875
Jeju Private Taxi Tour - UNESCO For Cruise customer (Regular/Van),Most Recommended,5,5.0
Jeju Private Taxi Tour-World Heritage &UNESCO-Start from SEOGWIPO,Most Recommended,10,5.0
Jeju West Coast Day Tour,Most Recommended,59,4.916666666666667
Jeju island Private Taxi Tour - UNESCO Full Day(Regular/Jumbo),Most Recommended,108,4.909090909090909
Jeju island West 1 day Bus tour (Lunch + Free Snap Photo included),Most Recommended,10,5.0
Jeju island guided tour for 9 hours with a van,Most Recommended,14,4.666666666666667
Jeju: Fully Customizable Private Tour,Most Recommended,10,5.0
Jeonju Hanok Village One Day Tour from Seoul,Most Recommended,23,4.6
Jinhae Cherry Blossom Tour - Depart from Busan ,Most Recommended,9,4.5
Jinhae Cherry Blossom Tour- Depart From Seoul,Most Recommended,18,4.5
Jisan Ski Resort + Everland One Day Tour ,Most Recommended,9,4.5
Jisan Ski Resort from Seoul by Shuttle (Optional Ski package),Most Recommended,148,4.933333333333334
Joongrimdong Cultural & Walking Food Tour,Most Recommended,15,5.0
K-Fan K-Pop Tour With Lunch Option,Most Recommended,16,4.0
"Korea -Folk Village , Uiwang Railbike and OOZOO Light Garden Day Tour",Most Recommended,14,4.666666666666667
Korea DMZ the 3rd tunnel Guided Tour from Seoul - No Shopping,Most Recommended,4274,4.941040462427746
"Korea Half-Day Tour DMZ from Seoul, No Shopping",Most Recommended,5,5.0
Korean DMZ Tour with Expert Tour Guide from Seoul - No shopping,Most Recommended,4662,4.826086956521739
Korean Demilitarized Zone (DMZ) Tour from Seoul- Hotel Pick Up & No Shopping,Most Recommended,17249,4.914245014245014
Korean Folk Village Afternoon Half day Tour ,Most Recommended,5,5.0
Korean Folk Village Afternoon Tour from Seoul,Most Recommended,23,4.6
Korean Folk Village Half-day Guided Tour from Seoul,Most Recommended,24,4.8
Korean Folk Village and Suwon Hwaseong Fortress One Day Tour,Most Recommended,29,4.833333333333333
"Korean Folk Village, Suwon hwaseong fortress, Icheon Ceramic experience Tour",Most Recommended,30,5.0
Korean Food Walking Tour with BBQ Lunch,Most Recommended,93,4.894736842105263
Korean History & Heritage Tour,Most Recommended,228,4.851063829787234
Korean Life Time Walking Tour ,Most Recommended,45,5.0
Korean Palace and Market Tour in Seoul Including Insadong and Gyeongbokgung Palace,Most Recommended,55,4.583333333333333
Korean Palace and Temple Tour in Seoul: Gyeongbokgung Palace and Jogyesa Temple,Most Recommended,15,5.0
Layover Tour from Incheon Airport to Seoul,Most Recommended,38,4.75
Life of Young Generation in Korea l Gangnam Tour,Most Recommended,662,4.977443609022556
Local Food Tasting Tour to Chuncheon,Most Recommended,5,5.0
Lotte World Tower Seoul Sky Tour,Most Recommended,4,4.0
MBC Dae Jang Geum Park Drama Set Half-Day Tour,Most Recommended,49,4.9
MBC Dae Jang Geum Park and Palace in Hanbok Tour,Most Recommended,8,4.0
Magnificent Naejangsan National Park Autumn Foliage Tour from Seoul,Most Recommended,18,4.5
Make Your Trip Around Nami Island With a Photographer Tourguide!!,Most Recommended,114,4.956521739130435
Mangwon Market Food Tour,Most Recommended,5,5.0
Market Food Tour & Evening E-bike Ride in Seoul,Most Recommended,79,4.9375
Memorable Autumn Foliage Random Tour (From Busan),Most Recommended,10,5.0
Mini Van Private Guided Tour in Seoul (Optional Layover),Most Recommended,140,5.0
Modern and Contemporary of Seoul tour,Most Recommended,10,5.0
Morning Pedicab Heritage Tour,Most Recommended,55,5.0
Morning Seoul Highlights Segway Tour,Most Recommended,52,4.7272727272727275
Mount Seorak + Nami Island + Garden of Morning Calm Day Trip from Seoul,Most Recommended,411,4.77906976744186
Mt.Bukhansan Hiking and Korean Sauna Tour with Sauna Scrub Service&Korean BBQ,Most Recommended,5,5.0
"N Seoul Tower, Bukchon and Korean Folk Village Full day Tour",Most Recommended,15,5.0
Naejangsan National Park Autumn Foliage Tour from Busan,Most Recommended,37,4.625
Namdaemun Market Tasting Tour,Most Recommended,25,5.0
Namhansanseong UNESCO Historical Sites and Korean Folk Village-Private Tour,Most Recommended,22,4.4
Nami Island & Garden of Morning Calm & Gangchon Railbike Tour,Most Recommended,93,4.428571428571429
Nami Island & Mount Seorak Day trip from Seoul,Most Recommended,91,4.55
Nami Island & Petite France & Italian Village & Gangchon Rail Bike One-Day Tour,Most Recommended,66,4.4
Nami Island & Petite France with Italian Village One-Day Tour ,Most Recommended,10,5.0
Nami Island Private Tour (6-12 people),Most Recommended,5,5.0
Nami Island Trip with Petite France & Italian Village and Gangchon Rail Bike,Most Recommended,137,4.566666666666666
Nami Island and Petite France & Italian Village Day Trip from Seoul,Most Recommended,334,4.771428571428571
Nami Island and Petite France with The Garden of Morning Calm One Day Tour,Most Recommended,19,4.75
Nami Island and Ski tour (Elysian Ski Resort) from Seoul - No shopping,Most Recommended,5,5.0
Nami Island& Petite France& Garden of Morning Calm& Italian Village One-Day Tour,Most Recommended,24,4.8
"Nami Island, Cable Car, Garden of Morning Calm Panoramic Tour",Most Recommended,297,4.95
Neon Nights Photography 1 Hour Walking Tour in Seoul,Most Recommended,5,5.0
No Shopping Half Day Korea DMZ Tour (hotel pick up),Most Recommended,44,4.4
No Tour,Most Recommended,5,5.0
Odaesan National Park hiking day tour: Explore Autumn foliage Korea ,Most Recommended,5,5.0
Old Korea Thousand History Tour of Gyeongju from Busan,Most Recommended,560,4.786324786324786
One Day DMZ and Seoul Private Tour,Most Recommended,65,4.642857142857143
One Day Private Busan Tour with Local Tour Guide,Most Recommended,10,5.0
"One Day Private Tour-Nami Island, Petite and Garden of Morning Calm(Incl. Lunch)",Most Recommended,4,4.0
One Day Vivaldi Ski Resort Tour with Nami Island and Petite France,Most Recommended,57,4.75
One-Day Tour for stunning Mt.Seoraksan from Seoul,Most Recommended,5,5.0
Panoramic Yeongnam Alps Gondola Autumn Foliage Tour from Busan,Most Recommended,5,5.0
Pocheon Art Valley + Mini Apples Picking Tour + Pyunggang Land One Day Tour,Most Recommended,20,5.0
Pocheon Private Day Tour from Seoul Including Lunch,Most Recommended,65,5.0
Pocheon Seasonal Fruit Picking & Exploration Tour From Seoul,Most Recommended,20,5.0
Pohang Home town Cha cha cha Drama Locations tour,Most Recommended,35,5.0
Premium Private DMZ Tour & (Suspension Bridge or N-Tower) include lunch,Most Recommended,209,4.976190476190476
Private 90 Minutes Kickstart Tour of Seoul by Night with a Local,Most Recommended,20,5.0
Private BTS Location Tour from Seoul City with Pickup,Most Recommended,100,5.0
Private Bukhansan Hiking Tour (More Members Less Cost per Person),Most Recommended,14,4.666666666666667
Private Busan Tour with hidden gem of Busan by Local Guide,Most Recommended,70,5.0
Private Busan tour with gamcheon culture village and the temple (Customizable),Most Recommended,95,5.0
Private City Kickstart Tour: Seoul,Most Recommended,67,4.785714285714286
Private DMZ Peace Tour: 3rd Invasion Tunnel(Monorail) and Suspension Bridge,Most Recommended,439,4.932584269662922
Private DMZ Spy Commando Invasion Route & 2nd tunnel tour,Most Recommended,347,4.887323943661972
Private DMZ Spy Tour and talk with N.Korea Defector,Most Recommended,204,4.857142857142857
Private DMZ Tour,Most Recommended,74,4.933333333333334
Private DMZ Tour From Seoul,Most Recommended,5,5.0
Private DMZ Tour and Suspension Bridge + Korean BBQ,Most Recommended,15,5.0
Private DMZ Tour in South Korea,Most Recommended,5,5.0
Private DMZ the 3rd Tunnel Tour from Seoul (No Forced Shopping),Most Recommended,637,4.937984496124031
Private DMZ tour(Tunnel / Observation) with hotel pick up,Most Recommended,115,5.0
Private DMZ(Demilitarized Zone) Tour with DMZ experts ,Most Recommended,25,5.0
Private Full Day Tour of Busan Eastern Part Highlights,Most Recommended,5,5.0
Private Full Day Tour of UNESCO Global Geo Park in South Jeju Island,Most Recommended,20,5.0
Private Full Day Tour of UNESCO Global Geo Park in West Jeju Island,Most Recommended,20,5.0
Private Full Day Tour of UNESCO Heritage Sites in East Jeju Island,Most Recommended,40,5.0
Private Full Day Tour to Korean Folk Village and Hwaseong Fortress,Most Recommended,14,4.666666666666667
Private Full day Tour Anseong Farm Land with Gwangmyeong Cave,Most Recommended,5,5.0
Private Guided Hiking Tour along Inwangsan Mountain,Most Recommended,10,5.0
Private Gyeongju The UNESCO World heritage sites tour,Most Recommended,20,5.0
Private Jeonju Hanok Village - Culinary tour,Most Recommended,5,5.0
Private Jumbo & Mini Bus With a Large space Tour in jeju island ,Most Recommended,5,5.0
Private Nami Island Photo Shoot and Tour with a Photographer,Most Recommended,35,5.0
Private Seoul Highlight Tour for Muslim,Most Recommended,10,5.0
Private Seoul Highlights Tour with Korean BBQ + Food Market,Most Recommended,30,5.0
Private Taxi Tour Day experience in Jeju island-(Regular/jumbo),Most Recommended,86,4.777777777777778
Private Tongdosa Temple Tour including Gourmet Eonyang Style Bulgogi Lunch,Most Recommended,10,5.0
"Private Tour Guide Seoul with a Local: Kickstart your Trip, Personalized",Most Recommended,10,5.0
Private Tour: 2Days Busan Old & New Urban Centres Tour by KTX Train from Seoul,Most Recommended,5,5.0
Private Tour: Nami Island & Petite France 'or' Morning Calm ,Most Recommended,15,5.0
Private Tour: Talk show with N.K. Defector and Short Hiking,Most Recommended,35,5.0
"Private Van tour to Paju Province, Premium Outlet & Hyeri Art Village (upt10pax)",Most Recommended,5,5.0
Private custom tour with a local guide Seoul,Most Recommended,20,5.0
"Private tour guide service in Seoul, Korea",Most Recommended,20,5.0
Private tour in Seoul and Near Seoul(Airport pick up 'and/or' sending Available),Most Recommended,25,5.0
"Private tour, 1Day Busan city tour by KTX from Seoul",Most Recommended,30,5.0
"Private tour, 1Day Gyeongju city tour by KTX from Seoul-World Heritage Site",Most Recommended,9,4.5
Relaxing Into Healing: Hwadam Forest & The Stay Healing Park Tour,Most Recommended,5,5.0
Romantic Jinhae Cherry Blossom Night Tour - Depart from Busan,Most Recommended,4,4.0
Romantic Night Tour of Suwon Hwaseong Fortress,Most Recommended,20,5.0
Royal Palace Morning Small-Group Tour (No Shopping),Most Recommended,5,5.0
Royal Palace and Traditonal Market Tour,Most Recommended,5,5.0
Royal palace and Korean Food Half-Day Walking Tour,Most Recommended,20,5.0
Secret Food Tours Seoul w/ Private Tour Option,Most Recommended,438,4.921348314606742
Seoul Afternoon Food Tour and visit 3 land Marks of Seoul,Most Recommended,10,5.0
Seoul Afternoon Tour Including Changdeokgung Palace and Namdaemun Market,Most Recommended,20,5.0
Seoul Art Tour with a Local Expert: 100% Personalized & Private,Most Recommended,5,5.0
Seoul City Private Full-Day Tour Including Lunch,Most Recommended,749,4.993333333333333
"Seoul City Sightseeing Tour Including Gyeongbokgung Palace, N Seoul Tower, and Namsangol Hanok Village",Most Recommended,373,4.782051282051282
Seoul City Walking Private Tour (3hours),Most Recommended,10,5.0
Seoul Customizable Full-day private tour (Small Group),Most Recommended,220,5.0
Seoul Day Walking Tour with traditional spots (+ free snap photo shoot),Most Recommended,5,5.0
Seoul Full Day Tour with a Local: 100% Personalized & Private ,Most Recommended,20,5.0
Seoul Full Day small group Tour ,Most Recommended,10,5.0
Seoul Highlights Seoul Must See {Private Tour},Most Recommended,5,5.0
Seoul Highlights Small-Group Tour with Lunch and Nanta Show,Most Recommended,20,5.0
Seoul Instagram Night Tour,Most Recommended,5,5.0
Seoul K-POP Fan Tour ,Most Recommended,130,5.0
Seoul Morning E-Bike Tour,Most Recommended,86,4.777777777777778
Seoul Morning E-bike Tour,Most Recommended,362,4.958904109589041
"Seoul Morning Tour: Seoul Tower, Namsan Hanok Village, The War Memorial of Korea",Most Recommended,27,4.5
Seoul Myeongdong Catholic Church Historic Private Walking Tour,Most Recommended,5,5.0
"Seoul Night ""Private Tour""(Korean BBQ, N-Tower, Seoul Fortress, Local Market)",Most Recommended,20,4.0
"Seoul Night Tour (Gwangjang Market, Royal Palace and Naksan Park)",Most Recommended,5,5.0
"Seoul Night Tour: Sevit Some, Fountain, and Palace",Most Recommended,5,5.0
Seoul Night Walking Tour with popular film spots (+free snap photo shoot),Most Recommended,5,5.0
Seoul Private 4 Hour Tour with A Korean Buddy,Most Recommended,130,5.0
Seoul Private Flexible Adventure Tour,Most Recommended,369,4.92
Seoul Private Food Tour ,Most Recommended,20,5.0
Seoul Private Food Tours with a Local Foodie: 100% Personalized,Most Recommended,24,4.8
Seoul Private Tour with hidden gem of Seoul,Most Recommended,5,5.0
"Seoul Private Tours by Locals: 100% Personalized, See the City Unscripted",Most Recommended,10,5.0
Seoul Private Walking Food Tour With Secret Food Tours,Most Recommended,65,5.0
Seoul Royal Palace Tour in Deoksugung Palace and National Museum of Art,Most Recommended,8,4.0
Seoul Segway Tour off the beaten path,Most Recommended,29,4.833333333333333
Seoul Self-Guided Audio Tour,Most Recommended,31,4.428571428571429
"Seoul Tram, The 'Must do' tour in Seoul",Most Recommended,84,4.9411764705882355
"Seoul Vicinity 5 in 1: Nami Island, Garden of Morning Calm & More",Most Recommended,405,4.709302325581396
Seoul full day private tour with Korean local food,Most Recommended,25,5.0
Seoul moonlight walking tour with local historian,Most Recommended,1456,4.986301369863014
Seoul night walking tour,Most Recommended,56,4.666666666666667
"Seoul: Palace, Temple and Market Guided Foodie Tour at Night",Most Recommended,104,4.9523809523809526
Seoul: South Korea DMZ Half & Full Day Tour (No Shopping),Most Recommended,663,4.669014084507042
Serene Seaside City Tongyeong Day Tour from Busan,Most Recommended,63,4.5
Shuttle Service to Jisan Ski Resort from Seoul,Most Recommended,44,4.888888888888889
Small Group BTS Footsteps: Seoul Day Tour Following the Stars ,Most Recommended,25,5.0
Small Group DMZ Tour with DMZ Experts (Various Dropoff Location),Most Recommended,211,4.795454545454546
Small Group Full Day Busan Tour (Max 6 Pax),Most Recommended,881,4.921787709497207
Small Group Private Tour from Seoul to Nami Island/ Mount Seorak with tour guide,Most Recommended,15,5.0
Small Group Tour to Demiliterized Zone & Suspension Bridge,Most Recommended,308,4.967741935483871
Small group DMZ tour + Seoul Essence {Private and Private-guided-seat-in-coach},Most Recommended,5,5.0
Small-Group 2-Hour Noryangjin Fish Market Tasting & Walking Tour,Most Recommended,68,4.857142857142857
Small-Group Korean Night Food Tour,Most Recommended,788,4.864197530864198
Small-Group Royal Palace and Seoul City Tour w/ Lunch & Hotel p/u,Most Recommended,1267,4.929961089494164
Small-Group Seoul Morning Royal Palaces Tour,Most Recommended,19,4.75
Special City Night Tour,Most Recommended,765,5.0
Special Korea DMZ Tour,Most Recommended,5,5.0
Special Yeosu Day Tour From Busan,Most Recommended,20,5.0
Stunning sea view - Gangneung One Day Tour Depart from Seoul,Most Recommended,33,4.714285714285714
"Suwon Hwaseong Fortress Food Walking Tour, KTourTOP10",Most Recommended,5,5.0
Suwon Hwaseong Fortress Small-Group Morning Tour from Seoul,Most Recommended,14,4.666666666666667
Taean Tulip Festival & Strawberry Picking Day Tour,Most Recommended,10,5.0
Taste of Seoul - Food Tour with Local Guide,Most Recommended,165,5.0
The 10 Tastings of Seoul With Locals: Private Street Food Tour ,Most Recommended,300,4.615384615384615
The DMZ Tour near the Mt. Seorak(a minimum mem is 2),Most Recommended,10,5.0
Top 10 Seoul Highlights & Hidden Gems: Private Custom Tour,Most Recommended,735,4.9
Traditional Korean folk village Afternoon tour,Most Recommended,45,5.0
Traditional Seoul Gourmet Tour in Bukchon,Most Recommended,65,5.0
"Trip to Nami Island with Petite France & Italian Village, Garden of Morning Calm",Most Recommended,1048,4.742081447963801
UNESCO Jeju Full Day Tour Package By Taxi,Most Recommended,10,5.0
UNESCO Small Group Day Tour of Jeju Island - East Course,Most Recommended,248,4.862745098039215
UNESCO Small Group Day Tour of Jeju Island - South Course,Most Recommended,128,4.7407407407407405
VIP Brompton Bike & Food Tour (with Car Pick Up Service),Most Recommended,25,5.0
"Vivaldi Park Ocean World,Luge, Sheep Farm,Sky Swing tour with round trip shuttle",Most Recommended,5,5.0
Vivaldi Park Snowyland Self-guided Day Tour,Most Recommended,9,4.5
West Busan Small Group Photo Tour,Most Recommended,30,5.0
Western Busan Tour : Modern History Tour even Busanites don't Aware of,Most Recommended,21,4.2
Winter Fun at Vivaldi Ski Resort with Romantic Winter scenery at Nami Island,Most Recommended,9,4.5
Winter Wonderland - Deogyusan One Day Tour,Most Recommended,5,5.0
World Cultural Heritage Full-day tour from Seoul including Suwon Hwaseong,Most Recommended,4,4.0
[DMZ Private Full day Tour] & The War Memorial include Lunch,Most Recommended,5,5.0
[Jeju] Customizable Private Muslim Friendly Tour W Korean Guide K-drama spots ,Most Recommended,46,4.181818181818182
"[Jeju] Customizable Private Tour with English Driving Guide & Van,K-drama spots",Most Recommended,50,5.0
"[Perfect Private Tour] Nami island, Petite France and Organic Strawberry Farm",Most Recommended,5,5.0
[Premium Private Tour] Mt Seorak & East Sea or Nami island from Seoul,Most Recommended,96,4.8
[Private Tour] Nami Island & Snow Viewing and Snow sled (More Members Less Cost),Most Recommended,5,5.0
[Seoul Evening Walking Tour] Street Food & City Walk,Most Recommended,50,5.0
[Seoul Live Virtual Tour with OraeGage] Korean Snack Foods Cooking Class,Most Recommended,5,5.0
[Small group tour] Gwangjang Market food & Cheonggyecheon Stream,Most Recommended,35,5.0
[With Military Veteran] DMZ Private Tour : 3rd Tunnel & Odusan Observatory,Most Recommended,41,4.555555555555555
 Vivaldi Park Ski World One Day Tour,Not Recommended,11,3.6666666666666665
All in One Full day Tour 3(Gyeongbok Palace-N Seoul Tower-Gwang Jang Market),Not Recommended,1,1.0
DMZ Past and Present: Korean Demilitarized Zone Tour from Seoul(Hotel pick up),Not Recommended,37,3.7
DMZ Tour,Not Recommended,5,2.5
DMZ tour with Gondol and Imjingak Nuri Peace Park Half Day Tour,Not Recommended,9,3.0
Full Day Nami Island and Petite France Tour from Seoul,Not Recommended,3,3.0
Fun-filled Day at Bears Town Ski Resort,Not Recommended,6,3.0
Half day Morning Seoul City Tour,Not Recommended,15,3.75
Insadong / Gyeongbok Palace / Hanok Village / Gwangjang Market (Korea Day Tour),Not Recommended,6,3.0
JSA Tour,Not Recommended,76,3.3043478260869565
Jisan Forest Ski Resort one day tour with Basic Lesson,Not Recommended,6,3.0
Night Shopping Tour in Seoul,Not Recommended,5,2.5
Private DMZ tour,Not Recommended,1,1.0
Private Nami Island tour: including Petite France and Garden of Morning Calm,Not Recommended,3,3.0
Seoul Morning Heritage Tour Including Changdeokgung Palace,Not Recommended,4,2.0
Taste of Seoul Noryangjin Fish Market Food Tour,Not Recommended,3,3.0
