ROUTENAME,Place
"Trip to Nami Island with Petite France & Italian Village, Garden of Morning Calm","Nami Island, Petite France, The Garden of Morning Calm"
Mount Seorak + Nami Island + Garden of Morning Calm Day Trip from Seoul,"Seoraksan National Park, Nami Island, The Garden of Morning Calm"
"Seoul Vicinity 5 in 1: Nami Island, Garden of Morning Calm & More","Nami Island, The Garden of Morning Calm, Gangchon Rail Park, Petite France"
Make Your Trip Around Nami Island With a Photographer Tourguide!!,"Nami Island, Petite France, The Garden of Morning Calm"
Full Day Tour In The Soop BTS Ver in PyeongChang Filming Location,"Phoenix Blue Canyon, Hyangho Beach"
Jeju Island East Bus Tour with Lunch included Full Day Trip Tours,"Jeolmul Natural Forest Resort, Seongeup Folk Village, Gwangchigi Beach, Seongsan Ilchulbong, Manjanggul Lava Tube"
Nami Island and Petite France & Italian Village Day Trip from Seoul,"Nami Island, Petite France"
Day Trip to Nami Island with Rail bike and The Garden of Morning Calm,"Nami Island, Gangchon Rail Park, The Garden of Morning Calm"
DMZ Group Tour: 3rd Invasion Tunnel& Suspension Bridge from Seoul,"DMZ, The Third Tunnel, Dora Observatory, Gamaksan Chulleong Bridge, Majang Lake"
Best DMZ 3rd Infiltration Tunnel Tour from Seoul (No Shopping),"Imjingak Pyeonghoa-Nuri Park, Bridge of Freedom, DMZ, The Third Tunnel, Dora Observatory"
Seoul City Private Full-Day Tour Including Lunch,"Gwanghwamun Gate, Gyeongbokgung Palace, Bukchon Hanok Village, Insadong, Jogyesa Temple, N Seoul Tower"
Korean Demilitarized Zone (DMZ) Tour from Seoul- Hotel Pick Up & No Shopping,"Seoul, Imjingak Park, DMZ, Dorasan Station, Dora Observatory, Tongilchon-gil, The Third Tunnel"
Secret Food Tours Seoul w/ Private Tour Option,N Seoul Tower
Full-Day Busan City Tour / City & Yacht Experience Tour,"Haedong Yonggungsa, Taejongdae, Busan Gamcheon Culture Village, Songdo Skywalk, Suyeongman Bay Yachting Center"
 Private Tour Nami Island with Petite France 'and/or' The Garden of Morning Calm,"Nami Island, Petite France, The Garden of Morning Calm"
DMZ TOUR with Exclusive North Korean Defector Meet-Up ,"Imjingak Pyeonghoa-Nuri Park, DMZ, The Third Tunnel, Dora Observatory"
Seoul: South Korea DMZ Half & Full Day Tour (No Shopping),"Imjingak Pyeonghoa-Nuri Park, The Third Tunnel, Dora Observatory, Dorasan Station, Gamaksan Chulleong Bridge"
Small Group Full Day Busan Tour (Max 6 Pax),"Dongbaekseom, Haeundae Dalmaji-gil Road, Haedong Yonggungsa Temple, Busan, Gwangandaegyo Bridge, Songdo Skywalk, Busan Gamcheon Culture Village, Jagalchi Market, BIFF Square, Gukje Market"
DMZ Full day with Gloucester Memorial & Suspension Bridge Tour,"Imjingak Pyeonghoa-Nuri Park, Gloster Hill Memorial Park, Gamaksan Chulleong Bridge, DMZ, The Third Tunnel, Dora Observatory"
Life of Young Generation in Korea l Gangnam Tour,"강남역사거리, 호텔시애틀, Gangnam Daeseong Cram School, 한강공원 운동장"
Private DMZ Spy Tour and talk with N.Korea Defector,"Bugak Skyway, Bugak Palgakjeong Pavilion, The Blue House, Odusan Unification Tower"
Private DMZ Peace Tour: 3rd Invasion Tunnel(Monorail) and Suspension Bridge,"DMZ, Mangbaedan, The Third Tunnel, Dora Observatory, Gamaksan Chulleong Bridge, Majang Lake"
Day Trip to Nami Island with The Garden of Morning Calm,"Nami Island, The Garden of Morning Calm"
Nami Island Trip with Petite France & Italian Village and Gangchon Rail Bike,"Gangchon Rail Park, Nami Island, Petite France"
Full-Day Tour Unmissable things to do in Busan,"Haedong Yonggungsa, Cheongsapo, Cheongsapo Daritdol Skywalk, Huin Yeoulgil, Busan Gamcheon Culture Village"
Gyeongju UNESCO World Heritage Sites and History Full-Day Tour with Lunch,"Cheomseongdae Observatory, Donggung Palace & Wolji Pond, Gyeongju Gyochon Traditional Village, Daereungwon Tomb Complex, Seokguram, Bulguksa Temple"
Full day Private Gyeongju UNESCO Heritage Tour : a glimpse into Silla ,"Bulguksa Temple, Seokguram, Shilla Arts and Science Museum, Daereungwon Tomb Complex, Gyeongju Gyochon Traditional Village, Gyeongju National Museum, Donggung Palace and Wolji Pond"
Highlights & Hidden Gems With Locals: Best of Seoul Private Walking Tour,"Gwangjang Market, Jogyesa Temple, Bukchon Hanok Village, Gyeongbokgung Palace"
Enchanting Oedo Island Day Tour from Busan,"Dojangpo 1-gil, Oedo, Windy Hill, Maemiseong"
"Day Trip to Petit France, Nami Island and Elysian Ski Resort","Nami Island, Petite France, Elysian Gangchon"
Shuttle Service to Jisan Ski Resort from Seoul,Jisan Forest Resort
Bukhansan Mountain Private Hike with Lunch,Bukhansan National Park
Nami Island & Mount Seorak Day trip from Seoul,"Seoraksan National Park, Nami Island"
Full-Day Ski Package at Jisan Ski Resort from Seoul,"Jisan Forest Resort Entrance, Gyeonghui Mart"
Highlight Seoul Half Day Tour - Seoul Palace & Buddhist Temple,"Jogyesa Temple, Gyeongbokgung Palace, Cheongwadae Sarangchae, 청하고려인삼"
Evening Ghost Walking Tour in Seoul,Gyeonghuigung Palace
Private DMZ the 3rd Tunnel Tour from Seoul (No Forced Shopping),"DMZ, Imjingak Pyeonghoa-Nuri Park, Mangbaedan, Dora Observatory, The Third Tunnel"
Full day Seoul City Tour (Private),"Gyeongbokgung Palace, Bukchon Hanok Village, Gilsangsa Shrine, Kwangjang Market, Naksan Park"
Jeju Island West Bus Tour with Lunch included Full Day Trip Tours,"Hyeopjae Beach, Hallim Park, O’sulloc Tea Museum, Songaksan Mountain, Teddy Bear Museum Jeju, Cheonjeyeon Falls"
Korean DMZ Tour with Expert Tour Guide from Seoul - No shopping,"Imjingak Pyeonghoa-Nuri Park, DMZ, The Third Tunnel, Dora Observatory"
Highlight Seoul Full Day Tour - Seoul Palace & N Seoul Tower,"Jogyesa Temple, Gyeongbokgung Palace, Cheongwadae Sarangchae, Insadong, Namdaemun Market, N Seoul Tower, 청하고려인삼"
Korea DMZ the 3rd tunnel Guided Tour from Seoul - No Shopping,"DMZ, Imjingak Pyeonghoa-Nuri Park, Bridge of Freedom, The Third Tunnel, Dora Observatory, Mangbaedan"
Busan Customizable Private Tour with private vehicle,Busan
Busan Private Tour : Tailored Experiences for Your Group Only!,"Haedong Yonggungsa Temple, Busan, Naeri-gil, Jagalchi Market, Songdo Cable Car, Gamcheon Culture Village, Busan, Gukje Market, BIFF Square"
Old Korea Thousand History Tour of Gyeongju from Busan,"Busan Station Tourist Information Center, Bulguksa Temple, Gyeongju Gyochon Traditional Village, Daereungwon Tomb Complex, Hwanglidangil, Donggung Palace and Wolji Pond"
DMZ with Gondola Guided Tour from Seoul *No Shopping,"DMZ, DMZ, Imjingak Pyeonghoa-Nuri Park, Imjingak Pyeonghoa-Nuri Park, The Third Tunnel"
Gyeongju UNESCO World Heritage One Day Tour From Busan,"Bulguksa Temple, Yangdong Folk Village, Daereungwon Tomb Complex, Hwangnidan-gil, Donggung Palace and Wolji Pond"
Small-Group Royal Palace and Seoul City Tour w/ Lunch & Hotel p/u,"Jogyesa Temple, Gyeongbokgung Palace, Insadong, Changdeokgung Palace, Namdaemun Market"
"Seoul City Sightseeing Tour Including Gyeongbokgung Palace, N Seoul Tower, and Namsangol Hanok Village","Jogyesa Temple, Gyeongbokgung Palace, National Folk Museum of Korea, Gwanghwamun Gate, Insadong, Namsangol Hanok Village, N Seoul Tower"
Seoul moonlight walking tour with local historian,"Seoul University Hospital Medical Museum, Marronnier Park, Naksan Park, Ihwa Mural Village, Seoul City Wall"
Private DMZ Spy Commando Invasion Route & 2nd tunnel tour,"Odusan Unification Tower, Gorangpo-ri, The 2nd Tunnel"
Elysian Gangchon Ski Resort Day Tour from Seoul ,Elysian Gangchon Ski
Best Full Day DMZ Tour from Seoul Guided Tour with Red Suspension Bridge ,"Imjingak Pyeonghoa-Nuri Park, Imjingak Pyeonghoa-Nuri Park, Dora Observatory, Gamaksan Chulleong Bridge"
Busan Tour with Gamcheon Culture Village,"Songdo Skywalk, Busan Gamcheon Culture Village, BIFF Square, Gukje Market, Jagalchi Market, Hwangnyeongsan Mountain, Samgwangsa Temple"
The 10 Tastings of Seoul With Locals: Private Street Food Tour,"Namdaemun Market, Sejong, Gyeongbokgung Palace"
Top 10 Seoul Highlights & Hidden Gems: Private Custom Tour,Cheonggyecheon Stream
Special City Night Tour,Cosmo. Jin Tour - Day Tours
Small Group Tour to Demiliterized Zone & Suspension Bridge,"Imjingak Pyeonghoa-Nuri Park, DMZ, Dora Observatory, The Third Tunnel, 통일촌장단콩마을, Gamaksan Chulleong Bridge, Kwangjang Market"
Best Walking Tour to Gyeongbok Palace n Bukchon with Expert,"Gyeongbokgung Palace, Bukchon Hanok Village"
UNESCO Small Group Day Tour of Jeju Island - East Course,"Manjanggul Cave, Woljeongri Beach, Haenyeo Museum, Seongsan Ilchulbong, Jeju Herb Hill"
Full-Day Palace Tour in Seoul,"Seoul, Gyeongbokgung Palace, National Folk Museum of Korea, Jogyesa Temple, Seoul, Seoul, Changdeokgung Palace, Insadong, Namdaemun Market"
Korean History & Heritage Tour,"Gyeongbokgung Palace, National Folk Museum of Korea, Bukchon Hanok Village, Insadong, Jogyesa Temple, Cheonggyecheon Stream, Kwangjang Market"
8 hours Private Tour in Seoul for the VIP,Seoul
Historic Jongro District Authentic Food Tour in Seoul,Insadong
Namhansanseong UNESCO Historical Sites and Korean Folk Village-Private Tour,"Namhansanseong Fortress, Korean Folk Village"
Full Day Essential Jeju Island Private tour for West Course,"Hyeopjae Beach, Hallim Park, Suwolbong Peak, O’sulloc Tea Museum, Sanbangsan Mountain, Cheonjiyeon Falls, Jeongbang Waterfall"
Seoul Morning E-bike Tour,"Cheonggyecheon Stream, Gyeongbokgung Palace, Tongin Market, Seochon, The Blue House, Bukchon Hanok Village, Jogyesa Temple"
Jeju Island South Bus Tour with Lunch included Full Day Trip Tours,"Mysterious Road (Dokkaebi Road), Hallasan National Park, Alive Museum, Jusangjeollidae, Oedolgae, Jeongbang Waterfall"
Full-day Customizable Private Seoul Highlight Tour,"The Blue House, Gyeongbokgung Palace, Bukchon Hanok Village, Kwangjang Market, Myeongdong Shopping Street, Insadong, N Seoul Tower"
Free style private Tour(Essence of Seoul city or DMZ),"Gyeongbokgung Palace, Gilsangsa Temple, Insadong, N Seoul Tower, Namsan Cable Car, Namsan Walkway Entrance, Bugak Skyway, The Blue House, DMZ"
Gyeongju city UNESCO sites full day Private tour,Gyeongju
Fully Customizable Private Tour of Jeju Island,Core Travel
Premium Private DMZ Tour & (Suspension Bridge or N-Tower) include lunch,"Imjingak Pyeonghoa-Nuri Park, DMZ, N Seoul Tower, Gamaksan Chulleong Bridge"
Private DMZ tour(Tunnel / Observation) with hotel pick up,"Imjingak Pyeonghoa-Nuri Park, DMZ, The Third Tunnel, Dora Observatory, Simhaksan"
"Nami Island, Cable Car, Garden of Morning Calm Panoramic Tour","Samaksan, Soyang River Sky Walk, Gubongsan Mountain Observatory Cafe Street, Nami Island, The Garden of Morning Calm"
Small Group DMZ Tour with DMZ Experts (Various Dropoff Location),"Imjingak Tourist Information Center, DMZ, Bridge of Freedom, Dora Observatory, Tongilchon-gil, The Third Tunnel, Hongdae, Gyeongbokgung Palace, Changdeokgung Palace"
Best Things to Do - Half Day Seoul Trip (Seoul Palace & Temple),"Jogyesa Temple, Gyeongbokgung Palace, Cheongwadae Sarangchae"
Busan Night Small Group Photo Tour,"Busan Gamcheon Culture Village, Nuribaragi Observatory, Cheonghak Waterside Park, Hwangnyeongsan Mountain"
UNESCO Small Group Day Tour of Jeju Island - South Course,"Hallasan National Park, Daepo Haean Jusangjeolli Cliff, Oedolgae, Cheonjiyeon Waterfall, Seogwi Dawon"
Gyeongju Private Tour : Uncover the Eternal Beauty,"Bulguksa Temple, Seokguram, Daereungwon Tomb Complex, Cheomseongdae Observatory, Donggung Palace & Wolji Pond, Gyeongju National Museum"
Traditional Seoul Gourmet Tour in Bukchon,"Bukchon Hanok Village, Gyedong-gil, Bukchon Observatory"
"Seoul Tram, The 'Must do' tour in Seoul","Tourist Information Center of Korea Tourism Organization, Changdeokgung Palace, Tourist Information Center of Korea Tourism Organization"
Seoul K-POP Fan Tour ,"KBS Korea Broadcasting System, HiKR GROUND, Starfield COEX Mall, KWANGYA 광야"
Taste of Seoul - Food Tour with Local Guide,Mangwon Market
Full Day- Essential Seoul City Tour & Gourmet Tour(including Lunch and Dinner),"Gyeongbokgung Palace, National Folk Museum of Korea, Bukchon Hanok Village, Jogyesa Temple, Insadong, Kyung-In Museum of Fine Art, Cheonggyecheon Stream, Baek In-je's House, Kwangjang Market"
Seoul Private 4 Hour Tour with A Korean Buddy,Seoul
Jeju Island Private Taxi Tour : UNESCO Day Tour,"Jeju Travel Lucas, Manjanggul Cave, Woljeongri Beach, Seongsan Ilchulbong, Seopjikoji, Sangumburi Crater, Seongeup Folk Village"
Private DMZ Tour,DMZ
Four Seasons of Nami Island with Garden of Morning Calm Tour,"Nami Island, Nami Island, Garden of Morning Calm, 청하고려인삼"
Pocheon Seasonal Fruit Picking & Exploration Tour From Seoul,"Pocheon Art Valley, Herb Island, 일경농원"
 NO SHOPPING DMZ Tour (Hotel Pick-up),DMZ
Busan Private Tour : Explore Both Day and Night!,"Haedong Yonggungsa Temple, Busan, Jagalchi Market, Songdo Cable Car, Bupyeong Kkangtong Market, Gamcheon Culture Village, Busan, Hwangnyeongsan Mountain"
Gyeongju Small Group Full Day Photo Tour (Max 7),"Bulguksa Temple, 경북천년숲정원, Gyeongju Gyochon Traditional Village, Daereungwon Tomb Complex, Cheomseongdae Observatory, Donggung Palace and Wolji Pond"
Mini Van Private Guided Tour in Seoul (Optional Layover),"Gyeongbokgung Palace, Insadong, Bongeunsa Temple, Starfield Library, N Seoul Tower, Kwangjang Market"
Private Busan tour with gamcheon culture village and the temple (Customizable),"Busan Gamcheon Culture Village, Jagalchi Market, Gukje Market, Hwangnyeongsan Mountain, BIFF Square, Beomeosa Temple"
Busan Night Tour Including a Cruise w/ Fireworks,"Suyeongman Bay Yachting Center, Hwangnyeongsan Mountain, Busan Cinema Centre"
Insadong / Gyeongbok Palace / Hanok Village / Gwangjang Market (Korea Day Tour),"Gyeongbokgung Palace, Insadong, Bukchon Hanok Village, Kwangjang Market"
Busan history and market food tour with local chef,"Jagalchi Market, BIFF Square, Bupyeong Kkangtong Market"
Pocheon Private Day Tour from Seoul Including Lunch,"Korea National Arboretum, Pocheon Art Valley, Herb Island"
Small-Group 2-Hour Noryangjin Fish Market Tasting & Walking Tour,Noryangjin Fisheries Wholesale Market
Full-Day Busan Tour Including Haedong Yonggungsa Temple,"Haeundae Dalmaji-gil Road, Haedong Yonggungsa, Dongbaekseom, Haeundae Beach, Oryukdo Island, Oryukdo Skywalk, Busan Cinema Centre, UN Memorial Cemetery"
Nami Island & Petite France & Italian Village & Gangchon Rail Bike One-Day Tour,"Petite France, Nami Island, Gangchon Rail Park"
Private BTS Location Tour from Seoul City with Pickup,"Iryeong Station - Closed  Station, Seoul Forest, Dosan-daero, Laundry Pizza, HYBE INSIGHT (하이브 인사이트)"
One Day DMZ and Seoul Private Tour,"DMZ, Seoul, Gyeongbokgung Palace"
Korean Palace and Market Tour in Seoul Including Insadong and Gyeongbokgung Palace,"Jogyesa Temple, Gyeongbokgung Palace, National Folk Museum of Korea, Seoul, Insadong, Changdeokgung Palace, Namdaemun Market"
Jisan Ski Resort from Seoul by Shuttle (Optional Ski package),Jisan Forest Resort
East Busan Small Group Photo Tour ,"Ahopsan Forest, Haedong Yonggungsa, Cheongsapo"
Jeju Private Full day tour of UNESCO Day Tour,"Sangumburi Crater, Seongeup Folk Village, Seongsan Ilchulbong, Seopjikoji, Manjanggul Cave"
Half-Day South Korea DMZ Small-Group Tour from Seoul,"Imjingak Pyeonghoa-Nuri Park, Paju, Paju, Dora Observatory, Seoul"
Private Tour: Talk show with N.K. Defector and Short Hiking,"The Blue House, Bugak Skyway, Odusan Unification Tower, The War Memorial of Korea"
Pohang Home town Cha cha cha Drama Locations tour,"Hwanho Park Space Walk, 청하시장, 이가리 닻전망대, Cheongjin-ri"
Activity - Mt. Bukhan Hiking Guided Tour,Bukhansan National Park
Romantic Night Tour of Suwon Hwaseong Fortress,"Hwaseong Fortress, Janganmun Gate, Hwaseomun Gate, Hwaseong Haenggung Palace, Haenggung-dong"
Custom Tour: Best Night View of Seoul,"Cheonggyecheon Stream, N Seoul Tower, Dongdaemun Design Plaza (DDP), Hangang"
Jeju Island Taxi Join Tour,"Manjanggul Cave, Seongsan Ilchulbong, Seongeup Folk Village, Woljeongri Beach, Bijarim Forest, Haenyeo Museum, Maze Land, Sangumburi Crater, Hallim Park"
(Private tour) Nami Island + Railbike + Garden of morning calm,"Nami Island, Gangchon Rail Park, The Garden of Morning Calm"
Ganghwa Island - Full day private tour,"Gwangseongbo Fortress, Jeondeungsa Temple, Ganghwa Peace Observatory, Yeonmijeong Pavilion, Ganghwa Pungmul Sijang, Ganghwa Seaside Resort"
Busan Essential Private Tour with Heaedong Yonggungsa and Gamcheon Village,"Haedong Yonggungsa, Cheongsapo Daritdol Skywalk, Haeundae Blue Line Park, Busan Gamcheon Culture Village, Bupyeong Kkangtong Market, BIFF Square, Jagalchi Market, Gukje Market, Songdo Cable Car"
Private DMZ(Demilitarized Zone) Tour with DMZ experts ,"DMZ, The Third Tunnel, Dora Observatory"
Full-Day Customized Private Tour in Seoul with Hotel Pick Up,"Suwon Hwaseong Fortress, Hwahongmun Gate, Janganmun Gate, Namhansanseong Fortress, Seolleung & Jeongneung Royal Tomb"
"Seoul Morning Tour: Seoul Tower, Namsan Hanok Village, The War Memorial of Korea","Seoul, N Seoul Tower, Namsangol Hanok Village, The War Memorial of Korea, Seoul"
Seoul Morning Heritage Tour Including Changdeokgung Palace,"Bukchon Cultural Center, Jongmyo Shrine, Changdeokgung Palace"
"Seoul: Palace, Temple and Market Guided Foodie Tour at Night","Daehakno, Changgyeonggung Palace, Kwangjang Market, Ikseon-dong Hanok Street, Insadong, Jogyesa Temple"
"Full Day Private Tour Nami Island, Petite France, Garden & More","The Garden of Morning Calm, Nami Island, Petite-France, Pinocchio and Da Vinci"
Busan Shore Excursion Tour with Gamcheon Culture Village,"Songdo Skywalk, Busan Gamcheon Culture Village, Yongdusan Park, BIFF Square, Gukje Market, Jagalchi Market, Hwangnyeongsan Mountain, Samgwangsa Temple"
No Shopping Half Day Korea DMZ Tour (hotel pick up),"Seoul, Imjingak Pyeonghoa-Nuri Park, Dora Observatory, Dora Observatory, Dorasan Station, Seoul, Imjingak Pyeonghoa-Nuri Park, Dora Observatory, Dora Observatory, Dorasan Station"
Seoul Private Walking Food Tour With Secret Food Tours,N Seoul Tower
Serene Seaside City Tongyeong Day Tour from Busan,"Tongyeong Jungang Market, Dongpirang Village, Tongyeong Cable Car, Skyline Luge Tongyeong, Yi Sun-shin Park"
Suwon Hwaseong Fortress Small-Group Morning Tour from Seoul,"Hwaseong Fortress, Hwaseong Haenggung Palace"
Half day Morning Seoul City Tour,"Gwanghwamun Square, Jogyesa Temple, Gyeongbokgung Palace, National Folk Museum of Korea, Cheongwadae Sarangchae"
[Premium Private Tour] Mt Seorak & East Sea or Nami island from Seoul,"Seoraksan National Park, Nami Island, Dongmyeong Port"
Private Busan Tour with hidden gem of Busan by Local Guide,"Haedong Yonggungsa, Haeundae Market, UN Memorial Cemetery, Busan Gamcheon Culture Village, Busan Tower, Yongdusan Park, BIFF Square, Jagalchi Market"
Jeju island Private Taxi Tour - UNESCO Full Day(Regular/Jumbo),"Manjanggul Lava Tube, Seongsan Ilchulbong, Sangumburi Crater, Seongeup Folk Village, Hamdeok Beach, Dongmun Market"
DIY Seoul Private Tour: Select 4 places you want to go,"Itaewon, Garosu-gil, Gyeongbokgung Palace, Changdeokgung Palace, Changgyeonggung, Yeouido Hangang Park, Seoul Forest, Seoul Botanical Garden, Cheonggyecheon Stream"
Market Food Tour & Evening E-bike Ride in Seoul,"Cheonggyecheon Stream, Ikseon-dong Hanok Street, Sewoon Arcade (Makercity Sewoon), Kwangjang Market, Seoul City Hall, Bukchon Hanok Village, Gwanghwamun Square"
Private Taxi Tour Day experience in Jeju island-(Regular/jumbo),"Manjanggul Cave, Woljeongri Beach, Seongsan Ilchulbong, Sangumburi Crater, Seongeup Folk Village, Dongmun Market"
Traditional Korean folk village Afternoon tour,"Korean Folk Village, 청하고려인삼"
DMZ Past and Present: Korean Demilitarized Zone Tour from Seoul(Hotel pick up),"Imjingak Pyeonghoa-Nuri Park, The Third Tunnel, Dora Observatory, Dorasan Station, Insadong"
Elysian Gangchon Ski Resort with Nami Island Day Tour from Seoul,"Elysian Gangchon Ski, Nami Island"
Jeju Island Taxi Tour : South Day Tour,"Jeju Travel Lucas, O’sulloc Tea Museum, Daepo Haean Jusangjeolli Cliff, Oedolgae, Jeongbang Waterfall"
Alpaca World & Nami Island & Garden of Morning Calm One Day Tour,"Alpaca World, Nami Island, The Garden of Morning Calm"
Nami Island & Garden of Morning Calm & Gangchon Railbike Tour,"The Garden of Morning Calm, Nami Island, Gangchon Rail Park"
DMZ tour with Gondol and Imjingak Nuri Peace Park Half Day Tour,"Imjingak Pyeonghoa-Nuri Park, Bridge of Freedom, The Third Tunnel, DMZ, Paju Imjingak Peace Gondola (DMZ Gondola)"
Layover Tour from Incheon Airport to Seoul,"Incheon International Airport, Gyeongbokgung Palace, Bukchon Hanok Village, Insadong, Namdaemun Market"
Nami Island& Petite France& Garden of Morning Calm& Italian Village One-Day Tour,"Nami Island, Petite France, The Garden of Morning Calm"
"Private tour, 1Day Gyeongju city tour by KTX from Seoul-World Heritage Site","Cheonmachong Tomb, Gyeongju National Museum, Cheomseongdae Observatory, Donggung Palace and Wolji Pond, Bulguksa Temple, Seokguram"
Seoul Full Day Tour with a Local: 100% Personalized & Private,Gyeongbokgung Palace
Full-Day Customizable Private Busan Highlight Tour ,"Haedong Yonggungsa, Busan Gamcheon Culture Village, Busan Tower, BIFF Square, Jagalchi Market, Gukje Market, Taejongdae, Haeundae-gu, Shinsegae Dept. Store Centum City, Haeunde Blueline Park - Mipo Station"
Gwangjang market Netflix Food Walking Tour with Insadong,Insadong
Busan: Fully Customizable Private Tour,Busan
"Cheorwon DMZ: Peace Observatory, 2nd Tunnel, Goseokjeong Day Tour","Goseokjeong Pavilion, Cheorwon Peace Observatory, The 2nd Tunnel, Woljeongri Station, Nodongdangsa, Baekmagoji Memorial"
Seoul full day private tour with Korean local food,"Gyeongbokgung Palace, Cheong Wa Dae Sarang Chae, Jogyesa Temple, Bukchon Hanok Village, Cheongryangni Fruit & Vegetable Market, Dongdaemun Design Plaza (DDP)"
Naejangsan National Park Autumn Foliage Tour from Busan,Naejangsan National Park
Private City Kickstart Tour: Seoul,"Namdaemun Market, Seoul City Hall"
Morning Pedicab Heritage Tour,"Cheonggyecheon Stream, Gyeongbokgung Palace, Tongin Market, Bukchon Hanok Village, Jogyesa Temple"
Nami Island and Petite France with The Garden of Morning Calm One Day Tour,"Petite France, Nami Island, The Garden of Morning Calm"
Seoul Private Food Tours with a Local Foodie: 100% Personalized,Noryangjin Fisheries Wholesale Market
Private DMZ Tour and Suspension Bridge + Korean BBQ,"Imjingak Pyeonghoa-Nuri Park, DMZ, The Third Tunnel, Gyeongbokgung Palace, Dora Observatory, Tongilchon-gil, Gamaksan Chulleong Bridge, The War Memorial of Korea, Kwangjang Market, Odusan Unification Tower"
Joongrimdong Cultural & Walking Food Tour,"Son Gi Jeong Culture Sports Center, Seoullo 7017, Yakhyeon Catholic Church, Junglimjang Seolleongtang"
The DMZ Tour near the Mt. Seorak(a minimum mem is 2),"Goseong Unification Observatory, Goseong Unification Observatory, Goseong-gun"
Busan Private Tour : Iconic Locations of K-Drama & K-Pop,"Ahopsan Forest, Haedong Yonggungsa, 47, MAGNATE, Huinnyeoul Culture Village, Busan Gamcheon Culture Village"
"Gyeongbok Palace Tour, Fullday Seoul City Tour",Cosmo. Jin Tour - Day Tours
MBC Dae Jang Geum Park Drama Set Half-Day Tour,Yongin Dae Jang Geum Park
Korean Folk Village and Suwon Hwaseong Fortress One Day Tour,"Korean Folk Village, Suwon Hwaseong Fortress"
Enjoy Busan Winter at Eden Valley Resort One Day Tour,Eden Valley Ski Area Parking
Private tour in Seoul and Near Seoul(Airport pick up 'and/or' sending Available),"N Seoul Tower, Gyeongbokgung Palace, Myeongdong Shopping Street, Nami Island, DMZ, Chinatown, Kwangjang Market, Changdeokgung Palace, Korean Folk Village"
West Busan Small Group Photo Tour,"Busan Gamcheon Culture Village, Songdo Beach, Huinnyeoul Culture Village"
Korean Life Time Walking Tour ,"Deoksugung, Donuimun Museum Village, Gyeonghuigung Palace, Gwanghwamun Square, Cheonggyecheon Stream"
Customized Seoul City Tour With a Specialist(Photographer option),"Gyeongbokgung Palace, Bukchon Hanok Village, Insadong, Jogyesa Temple, N Seoul Tower"
[Seoul Evening Walking Tour] Street Food & City Walk,"Gwangjang Market, Naksan Park, Dongdaemun Gate (Heunginjimun), Dongdaemun Design Plaza (DDP)"
"Alpaca World, Hoengseong Luge & Museum SAN Day Tour from Seoul","Alpaca World, Hoengseong Luji Experience Center, Museum SAN"
Full-Day Customizable Private Tour to Nami Island and surrounding Area,"Petite France, Nami Island, Gangchon Rail Park, Yangsu-ri Strawberry Farm Experience, Soyang River Sky Walk, The Garden of Morning Calm, Elysian Gangchon Ski, Alpaca World"
Korean Folk Village Afternoon Tour from Seoul,"Seoul, Korean Folk Village"
Private Seoul Highlights Tour with Korean BBQ + Food Market,"Gwanghwamun Square, Gyeongbokgung Palace, Bukchon Hanok Village, Insadong, Jogyesa Temple, Kwangjang Market, N Seoul Tower"
"Private tour, 1Day Busan city tour by KTX from Seoul","Jagalchi Market, Busan Gamcheon Culture Village, Haeundae Beach, Haedong Yonggungsa, Gukje Market, Dongbaekseom, Busan Museum of Art, 49"
Full Day Tour in Gyeongju from Busan,"Cheomseongdae Observatory, Daereungwon Tomb Complex, Hwanglidangil, Gyeongju Gyochon Traditional Village, Bulguksa Temple, Donggung Palace and Wolji Pond"
Winter Fun at Vivaldi Ski Resort with Romantic Winter scenery at Nami Island,"Vivaldi Park Ski World, Nami Island"
Cruise Layover : Small Group Busan Highlight Day Tour ,"Haedong Yonggungsa, Nurimaru APAC House, UN Memorial Cemetery, Busan Tower, BIFF Square, Jagalchi Market, Busan Gamcheon Culture Village"
"Korean Folk Village, Suwon hwaseong fortress, Icheon Ceramic experience Tour","Hwaseong Fortress, Korean Folk Village, Icheon Ceramics Village"
Private Gyeongju The UNESCO World heritage sites tour,"Seokguram, Bulguksa Temple, Cheonmachong Tomb, Gyeongju National Museum, Cheomseongdae Observatory"
Busan Like a Local: Customized Private Tour,Jagalchi Market
Day Tour to Gangchon Rail Bike Nami Island and Petite France,"가평군청, Nami Island, Petite France"
Extreme Adventure in Cheongpung Lake,Tagy Travel Korea
Small Group BTS Footsteps: Seoul Day Tour Following the Stars ,"Yongin Daejanggeum Park, Hwarangdae Station - Closed Station, Hakdong Park, Yoojung Sikdang, 10월 31일, 16"
Gangnam Tour(Inc. Dinner & Drink) _ The past and present of Korea,"Bongeunsa Temple, Starfield COEX Mall, Seolleung & Jeongneung Royal Tomb, Gangnam Underground Shopping area, Kwangjang Market"
Private Jumbo & Mini Bus With a Large space Tour in jeju island ,"Manjanggul Cave, Seongsan Ilchulbong, Sangumburi Crater, Jeju Stone Park, Seopjikoji, Jeju Island"
Jeju Private Tour Couple Package,"Sangumburi Crater, Seongsan Ilchulbong, Jeju Island, Jeongbang Waterfall, Camellia Hill, O’sulloc Tea Museum, Jeju Love Land"
Private Nami Island Photo Shoot and Tour with a Photographer,Nami Island
"Seoul Night ""Private Tour""(Korean BBQ, N-Tower, Seoul Fortress, Local Market)","N Seoul Tower, Kwangjang Market, Bugak Palgakjeong, Naksan Park, Cheonggyecheon Stream"
Korean Palace and Temple Tour in Seoul: Gyeongbokgung Palace and Jogyesa Temple,"Seoul, Gyeongbokgung Palace, National Folk Museum of Korea, Jogyesa Temple, Seoul, Seoul City Hall"
Andong Hahoe Folk Village Day Tour From Busan,"Andong Folk Museum, Andong Soju Museum, Andong Hahoe Folk Village"
Seoul Private Food Tour ,"Gwangjang Market, Cheonggyecheon Stream"
"Private tour guide service in Seoul, Korea","Gyeongbokgung Palace, Insadong, Namdaemun Market, Jogyesa Temple, Cheonggyecheon Stream, Bukchon Hanok Village"
Cheonggyecheon Night Walk Tour with Korean Young Locals,"Cheonggyecheon Stream, Mirae Asset CENTER1, Sewoon Arcade (Makercity Sewoon), Gwangjang Market"
Andong Hahoe Village [UNESCO site] Premium Private Tour from Seoul,"Andong Hahoe Folk Village, Buyongdae, Hahoe Mask Museum, Byeongsan Seowon"
Alpaca World Tour with Nami Island & optional Railbike or Garden,"Alpaca World, Nami Island, Gangchon Rail Park, The Garden of Morning Calm"
Gwangmyeong and Dodeoksan Park Full Day Tour by Bus,"Gwangmyeong Cave, Gwangmyeong Traditional Market, Dodeoksan Park"
Half-Day Jeju Island Private Taxi Tour in O`sulloc and Innisfree,"O’sulloc Tea Museum, Camellia Hill, Iho Tewoo Beach"
Memorable Autumn Foliage Random Tour (From Busan),Busan
Full-day Customizable Private Essential Jeju Island Tour for South course,"Mysterious Road (Dokkaebi Road), Hallasan National Park, Alive Museum, Daepo Haean Jusangjeolli Cliff, Oedolgae, Jeongbang Waterfall, Jusangjeollidae, Cheonjiyeon Falls"
 Private Full-day Customizable tour with Professional Guide,"Gyeongbokgung Palace, N Seoul Tower, Seoraksan National Park"
Seoul Private Tour with hidden gem of Seoul,"Gyeongbokgung Palace, Insadong, Bukchon Hanok Village, Kwangjang Market, Myeongdong Shopping Street, N Seoul Tower"
Full Day Seoul Royal Palace Tour Including Namdaemun Market,"Changdeokgung Palace, Gyeongbokgung Palace, Cheonggyecheon Stream, The Blue House, Bukchon Hanok Village, Jogyesa Temple, Insadong, Namsangol Hanok Village, Namdaemun Market"
Jeonju Hanok Village One Day Tour from Seoul,Jeonju Hanok Village
Seoul Afternoon Tour Including Changdeokgung Palace and Namdaemun Market,"Changdeokgung Palace, Namdaemun Market, Insadong, Namsangol Hanok Village, Sungnyemun Gate"
Jeju Outdoor Wedding Photography Package,Core Travel
Jeju South 1 Day Package Tour,"Mysterious Road (Dokkaebi Road), O’sulloc Tea Museum, Alive Museum, Yakchunsa Temple, Jeongbang Waterfall"
Jeju: Fully Customizable Private Tour,Jeju
Korean Folk Village Half-day Guided Tour from Seoul,"Seoul, Korean Folk Village, Seoul"
Magnificent Naejangsan National Park Autumn Foliage Tour from Seoul,Naejangsan National Park
Seoul City Walking Private Tour (3hours),"Jogyesa Temple, Gyeongbokgung Palace, Bukchon Hanok Village, Insadong"
DMZ & One Additional Course Private Tour,"DMZ, The Third Tunnel, Dora Observatory, Tongilchon-gil, Paju, DMZ, The Third Tunnel, Dora Observatory, Tongilchon-gil, Paju"
Alpaca World and Nami Island with Gangchon Rail Bike Tour,"Nami Island, Alpaca World, Gangchon Rail Park"
Hidden Street Food food tour in Seoul ,"Namdaemun Market, Bukchon Hanok Village, Chebu-dong"
Small-Group Seoul Morning Royal Palaces Tour,"Jogyesa Temple, Gyeongbokgung Palace"
World Cultural Heritage Full-day tour from Seoul including Suwon Hwaseong,"Bukchon Hanok Village, Changdeokgung Palace, Jongmyo Shrine, Hwaseong Fortress, Hwaseong Haenggung Palace"
Seoul Myeongdong Catholic Church Historic Private Walking Tour,Myeong-dong Cathedral
Full-Day Seoul Secret City Private Walking Tour,"Dongdaemun Design Plaza (DDP), Jangchungdan Park, Seoul City Wall Museum, Ihwa Mural Village, Naksan Park"
Neon Nights Photography 1 Hour Walking Tour in Seoul,Coffee Hanyakbang
1 day Jeonju City tour by KTX Train from Seoul,"Jeonju Hanok Village, Gyeonggijeon Shrine, Hanji Museum, Geumsansa, Jeondong Catholic Church"
Everland Theme Park & Korean Folk Village tour (private group),"Korean Folk Village, Everland"
Odaesan National Park hiking day tour: Explore Autumn foliage Korea ,"Odaesan National Park, Woljeongsa Temple, Sangwonsa Temple, Hongcheon Ginkgo Forest"
Jeju island guided tour for 9 hours with a van,"Sangumburi Crater, Seongsan Ilchulbong, Woljeongri Beach, Manjanggul Cave, Jeongbang Waterfall"
Small group DMZ tour + Seoul Essence {Private and Private-guided-seat-in-coach},"Imjingak Pyeonghoa-Nuri Park, DMZ, Insadong, Jogyesa Temple, Gyeongbokgung Palace"
History and Culture Tour,"Gyeongbokgung Palace, Bukchon Hanok Village, Insadong, Kwangjang Market, N Seoul Tower, Myeongdong Shopping Street"
Private Guided Hiking Tour along Inwangsan Mountain,"Inwangsan Mountain, Tongin Market"
"Essence of Seoul, Full Day City tour","Gyeongbokgung Palace, National Folk Museum of Korea, Insadong, Jogyesa Temple, Bukchon Hanok Village, N Seoul Tower, Namdaemun Market"
Full Day Tour Best Spots in East Busan,"Haedong Yonggungsa, Ahopsan Forest, Gijang Market, Jukseong Dream Cathedral, Busan Gamcheon Culture Village, The Bay 101 Yacht Club"
Modern and Contemporary of Seoul tour,"Seoul Museum of History, Seoul Battleship Park, Mapo Oil Tank Culture Park"
All in One Full day Tour 3(Gyeongbok Palace-N Seoul Tower-Gwang Jang Market),Cosmo. Jin Tour - Day Tours
Private DMZ tour,"DMZ, Odusan Unification Tower"
 West Jeju Full Day Tour Package By Taxi,"Hallim Park, O’sulloc Tea Museum, Yongmeori Coast, Sanbangsan Mountain, Cheonjiyeon Falls"
Full Day Jeju Island Private Tour for East course with Korean Black pork BBQ,"Manjanggul Cave, Haenyeo Museum, Gwangchigi Beach, Hallasan National Park, Seongeup Folk Village, 칠돈가 성산점, Seongsan Ilchulbong, Jejudo"
[DMZ Private Full day Tour] & The War Memorial include Lunch,"Imjingak Pyeonghoa-Nuri Park, The Third Tunnel, Dorasan Station, Dora Observatory, The War Memorial of Korea"
"Seoul Private Tours by Locals: 100% Personalized, See the City Unscripted",Bukchon Hanok Village
Half-Day Exploring the Beauty of Hidden City of Suwon Guided Tour,"Seoul Station / City Hall, Hwaseong Haenggung Palace, Janganmun Gate, Banghwasuryujeong Pavilion (Dongbukgakru)"
Exclusive Private Tour to Suwon UNESCO Fortress and Korea Folks Village,"Hwaseong, Hwaseong Haenggung Palace, Korean Folk Village"
Beautiful Jeju Island Private UNESCO day Tour (Jumbo Taxi/Van),"Manjanggul Cave, Woljeongri Beach, Seongsan Ilchulbong, Seopjikoji, Sangumburi Crater, Seongeup Folk Village, Gwangchigi Beach"
Jisan Ski Resort + Everland One Day Tour ,"Seoul, Jisan Forest Resort, Gyeonggi-do, Everland, Gyeonggi-do"
Jeju Island Taxi Tour - West Day Tour,"Jeju Travel Lucas, Hallim Park, O’sulloc Tea Museum, Yongmeori Coast, Sanbangsan Mountain, Cheonjeyeon Falls, Aewol Cafe Street, Camellia Hill, Isidore Farm, ARTE MUSEUM JEJU"
"N Seoul Tower, Bukchon and Korean Folk Village Full day Tour","Namsan Park, Bukchon Hanok Village, Korean Folk Village"
Gyeongbok Palace and Korean Folk Village Tour,"Seoul, Gyeongbokgung Palace, Jogyesa Temple, Seoul, Seoul, Korean Folk Village"
"Private Tour Guide Seoul with a Local: Kickstart your Trip, Personalized",Subway
Private Bukhansan Hiking Tour (More Members Less Cost per Person),"Bukhansan National Park, Doseonsa Temple"
Beomeosa Temple and Hongbeopsa Temple Tour and local market tour,"Beomeosa Temple, Hongbeopsa"
[Private Tour] Nami Island & Snow Viewing and Snow sled (More Members Less Cost),"Nami Island, Elysian Gangchon"
MBC Dae Jang Geum Park and Palace in Hanbok Tour,"Yongin Daejanggeum Park, Changdeokgung Palace"
"Easy private tour to Nami Island, Garden of Morning Calm ","Nami Island, The Garden of Morning Calm"
Full Day Tour in Jeju Island,"Hamdeok Beach, Manjanggul Cave, Seongsan Ilchulbong, Seopjikoji-ro, Seongeup Folk Village, Haenyeo Museum"
Ice Fishing Tour - Hwacheon Sancheoneo Ice Festival Day Trip from Seoul,Hwacheon Sancheoneo Ice Festival
Jeju Private Taxi Tour - UNESCO For Cruise customer (Regular/Van),"Manjanggul Cave, Woljeongri Beach, Seongsan Ilchulbong, Seongeup Folk Village, Jeongbang Waterfall, Oedolgae, Dongmun Market, Segowipo Maeil Olle Market"
Busan Private Tour with Korean Speaking Driver ,Busan
One Day Private Busan Tour with Local Tour Guide,"Beomeosa Temple, Haeundae Beach, Busan Gamcheon Culture Village, Songdo Beach, Gukje Market, Jagalchi Market"
"Seoul Night Tour: Sevit Some, Fountain, and Palace","Deoksugung, Cheonggyecheon Stream, Gwanghwamun Gate, Seoullo 7017, Banpodaegyo Bridge"
Jeju Private Taxi Tour-World Heritage &UNESCO-Start from SEOGWIPO,"Oedolgae, Cheonjiyeon Falls, Jeongbang Waterfall, Seongsan Ilchulbong, Manjanggul Cave, Woljeongri Beach"
Private Full day Tour Anseong Farm Land with Gwangmyeong Cave,"Gwangmyeong Cave, NACF Anseong Farmland"
Royal Palace Morning Small-Group Tour (No Shopping),"Seoul Station (Subway), Cheonggyecheon Stream, The Blue House, Cheongwadae Sarangchae, Gyeongbokgung Palace, National Folk Museum of Korea, Jogyesa Temple"
Panoramic Yeongnam Alps Gondola Autumn Foliage Tour from Busan,"Yeongnam Alps, Pyochungsa Temple"
Full Day Private Tour DMZ (The 3rd Tunnel) & Suspension Bridge,"Imjingak Pyeonghoa-Nuri Park, The Third Tunnel, Dora Observatory, Tongilchon-gil, Gamaksan Chulleong Bridge"
Hongdae Private Tours by Locals: 100% Personalized,Hongik University
Seoul Art Tour with a Local Expert: 100% Personalized & Private,Jogyesa Temple
Private Jeonju Hanok Village - Culinary tour,"Jeonju Hanok Village, Nambu Market, Gyeonggijeon Shrine, Nambu Market, Jeondong Catholic Church"
Full-Day Seoul Highlights Private Guided Tour,"Gyeongbokgung Palace, Bukchon Hanok Village, Insadong, Gwangjang Market, N Seoul Tower, Changdeokgung Palace"
Seoul Full Day small group Tour ,"Gyeongbokgung Palace, Bukchon Hanok Village, Insadong, Bugak Palgakjeong Pavilion, Gwangjang Market, N Seoul Tower, The War Memorial of Korea"
Nami Island and Ski tour (Elysian Ski Resort) from Seoul - No shopping,"Nami Island, Gangwon-do"
DMZ Tour,DMZ
Taste of Seoul Noryangjin Fish Market Food Tour,Noryangjin Fisheries Wholesale Market
Jisan Forest Ski Resort one day tour with Basic Lesson,Jisan Forest Resort
UNESCO Jeju Full Day Tour Package By Taxi,"Jeju Travel Lucas, Manjanggul Cave, Woljeongri Beach, Seongsan Ilchulbong, Seopjikoji, Sangumburi Crater, Gwangchigi Beach"
Seoul Self-Guided Audio Tour,Gyeongbokgung Palace
Jeju island private Taxi Tour - South of Jeju (PACKAGE),"O’sulloc Tea Museum, Yongmeori Coast, Daepo Haean Jusangjeolli Cliff, Oedolgae, Jeongbang Waterfall, Segowipo Maeil Olle Market"
Unbelievable Price Package,Cosmo. Jin Tour - Day Tours
jeju private taxi tour East of jeju island (Package),"Seongsan Ilchulbong, Manjanggul Cave, Sangumburi Crater, Woljeongri Beach, Seongeup Folk Village, Dongmun Market"
"Full-day Private Lotte Tower, Aquarium and Lotte world Theme park Tour ","Lotte World, Lotte World Aquarium"
VIP Brompton Bike & Food Tour (with Car Pick Up Service),"Tourist Information Center of Korea Tourism Organization, Kwangjang Market, Gwanghwamun Gate, The Blue House (Cheong Wa Dae), Bukchon Hanok Village, Jogyesa Temple, Cheonggyecheon Stream, Dongdaemun Design Plaza (DDP), Dongdaemun Gate (Heunginjimun)"
Western Busan Tour : Modern History Tour even Busanites don't Aware of,"Busan Gamcheon Culture Village, Yeongdodaegyo Bridge, Yongdusan Park, Huin Yeoulgil"
Andong Hahoe Folk Village [UNESCO World Heritage] Private Tour from Seoul ,"Andong Hahoe Folk Village, Buyongdae, Hahoe Mask Museum, Byeongsan Seowon"
Seoul Private Customized Tour (up to 10pax),Gyeongbokgung Palace
Eden Valley Resort Tour Depart from Daegu,Eden Valley Ski Area Parking
"Private Nami Island area Oneday Tour(Alpaca,Rail bike etc.)","Petite France, Nami Island, The Garden of Morning Calm, Gangchon Rail Park, Alpaca World"
A Blossoming Adventure: One Day Tour of Jinhae's Cherry Blossoms ,Jinhae Gunhangje Festival
Seoul One Day Sightseeing Tour with N Tower and Lunch,"Gwanghwamun / Jongno, Gyeongbokgung Palace, National Folk Museum of Korea, Seoul, Bukchon Hanok Village, Samcheong-dong, N Seoul Tower, Myeongdong Shopping Street"
Gangchon Elysian Ski Tour from Seoul,"Seoul, Elysian Gangchon Ski"
Night Shopping Tour in Seoul,"Namdaemun Market, Myeongdong Shopping Street, Dongdaemun Market, Kwangjang Market, Insadong"
Private Full Day Tour of UNESCO Heritage Sites in East Jeju Island,"Jeju Stone Park, Seongeup Folk Village, Seongsan Ilchulbong, Seopjikoji, Manjanggul Cave"
Afternoon Tour of Seoul with Hanbok Wearing,"Changdeokgung Palace, Bukchon Hanok Village, Insadong"
Royal Palace and Traditonal Market Tour,"Gyeongbokgung Palace, Cheonggyecheon Stream, Cheongwadae Sarangchae, Mangwon Market, Emart Seongsu, Dongmyo Flea Market, Gwangjang Market"
Full-Day Essential Seoul Tour,"Gyeongbokgung Palace, Jogyesa, Insadong, Bukchon Hanok Village, Bugak Skyway, Myeongdong Shopping Street, DMZ"
Full Day Nami Island and Petite France Tour from Seoul,"Nami Island, Petite France"
Private Full Day Tour of UNESCO Global Geo Park in West Jeju Island,"Hyeopjae Beach, Suwolbong Peak, Hallim Park, Yongmeori Beach, Sanbangsan Mountain"
Private Seoul Highlight Tour for Muslim,"Gyeongbokgung Palace, EID Halal Korean Food (حلا), Seoul Central Mosque, Bukchon Hanok Village, Insadong, N Seoul Tower, Yang Good, Myeongdong Shopping Street"
Seoul Customizable Full-day private tour (Small Group),"Gyeongbokgung Palace, Bukchon Hanok Village, Insadong, Cheonggyecheon Stream, Kwangjang Market, N Seoul Tower"
"Afternoon Coex Aquarium, Han River Cruise Tour","Coex Aquarium, Ichon Han River Park, Seoul, Coex Aquarium, Ichon Han River Park, Seoul"
Special Yeosu Day Tour From Busan,"Hyangiram-ro, Yeosu Cable Car Dolsan Station, Yeosu Ocean Rail Bike, Hyangiram-ro, Yeosu Cable Car Dolsan Station, Yeosu Ocean Rail Bike"
Beomeosa temple and Keumjeonsan Hiking Tour with Korean BBQ,"Beomeosa Temple, Geumjeongsan Mountain, Hurshimchung Spa"
Mt.Bukhansan Hiking and Korean Sauna Tour with Sauna Scrub Service&Korean BBQ,"Bukhansan National Park, Dragon Hill Spa, Mido Galbi"
"Korea -Folk Village , Uiwang Railbike and OOZOO Light Garden Day Tour","Korean Folk Village, Uiwang Railpark, OOOZOOO"
Cherry Blossom Tour to Jeonju,"Jeonju Hanok Village, Jeondong Catholic Church"
EdenValley Luge & East Busan Day Tour,"KTOURSTORY, Jukseong Dream Cathedral, Haedong Yonggungsa, Eden Valley Resort"
Busan Shore Excursion Private Tour : Haedong yonggungsa temple and more,"Haedong Yonggungsa, Haeundae Beach, Oryukdo Skywalk, Gamcheon Culture Village, Busan, Gukje Market, BIFF Square"
Seoul : Namdaemun Market Street Food Tour ,Namdaemun Market
"[Jeju] Customizable Private Tour with English Driving Guide & Van,K-drama spots",더플래닛제주
[Jeju] Customizable Private Muslim Friendly Tour W Korean Guide K-drama spots ,더플래닛제주
"Incheon Port History Tour by 19th Century Electric Car, KTourTOP10",Incheon Art Platform
[Small group tour] Gwangjang Market food & Cheonggyecheon Stream,"Kwangjang Market, Cheonggyecheon Stream, Dongdaemun Gate (Heunginjimun)"
DMZ Private Tour (Admission Included),"Seoul, Imjingak Pyeonghoa-Nuri Park, Tongildaegyo Bridge North Gate, The Third Tunnel, Dora Observatory, Tongilchon-gil, Seoul"
Seoul Morning E-Bike Tour,"The Blue House, Gyeongbokgung Palace, Tongin Market, Sangchonjae, Bukchon Hanok Village, Jogyesa Temple, Cheonggyecheon Stream"
Private Catamaran Yacht Tour in Han River,"Yeouido Hangang Park, Seoul Marina Club & Yacht"
Fun & Informative Busan in Korea Virtual Tour ,"Busan Gamcheon Culture Village, Haedong Yonggungsa, Ahopsan Forest, Yacht Tale Busan Yacht Tour, Busan Cooking Class"
Korean Heritage Tour: Palaces and Villages of Seoul Including Gyeongbokgung Palace,"Seoul, Gyeongbokgung Palace, National Folk Museum of Korea, Jogyesa Temple, Seoul, Seoul, Korean Folk Village, Seoul, Gyeongbokgung Palace, National Folk Museum of Korea, Jogyesa Temple, Seoul, Seoul, Korean Folk Village"
History and Culture of Seoul Walking Tour,"Gyeongbokgung Palace, Bukchon Hanok Village, Gyeongbokgung Palace, Bukchon Hanok Village"
Winter Sonata TV Tour on Nami Island from Seoul,"Seoul, Nami Island, Gapyeong-gun, Petite France, Seoul, Seoul, Nami Island, Gapyeong-gun, Petite France, Seoul"
Pocheon Art Valley + Mini Apples Picking Tour + Pyunggang Land One Day Tour,"Boss Apple Farm 사과깡패, Pocheon Art Valley, Pyunggang Botanical Garden, Boss Apple Farm 사과깡패, Pocheon Art Valley, Pyunggang Botanical Garden"
Seoul Highlights Small-Group Tour with Lunch and Nanta Show,"Gyeongbokgung Palace, Bukchon Hanok Village, Kwangjang Market, N Seoul Tower, Myeongdong NANTA Theater, Gyeongbokgung Palace, Bukchon Hanok Village, Kwangjang Market, N Seoul Tower, Myeongdong NANTA Theater"
Seoul Private Flexible Adventure Tour,Seoul
Full-Day Busan Tour with Railbike,"KTOURSTORY, Gimhae, Songdo Skywalk, Busan Gamcheon Culture Village, Gukje Market, KTOURSTORY, Gimhae, Songdo Skywalk, Busan Gamcheon Culture Village, Gukje Market"
Korean Food Walking Tour with BBQ Lunch,O'ngo Food Communications
DMZ Tour Including a Pistol Shooting Experience,"Dorasan Station, Imjingak Pyeonghoa-Nuri Park, The Third Tunnel, Dora Observatory, Myeongdong Real Gun Shooting Range"
Jeju Eats and Culture Full-Day Private Tour,"Seongeup Folk Village, Seongsan Ilchulbong, Manjanggul Cave, Sangumburi Crater"
Private Nami Island tour: including Petite France and Garden of Morning Calm,"Nami Island, Petite France, The Garden of Morning Calm"
K-Fan K-Pop Tour With Lunch Option,"Hallyu K-Star Road, Apgujeong Rodeo Street, Starfield COEX Mall, SMTOWN coexartium"
Private Full Day Tour of UNESCO Global Geo Park in South Jeju Island,"Yongmeori Beach, Sanbangsan Mountain, Jungmun Saekdal Beach, Daepo Haean Jusangjeolli Cliff, Oedolgae, Cheonjiyeon Falls"
Day Tour to Nami Island Petite France and Lighting Festival,"Nami Island, Petite France, The Garden of Morning Calm"
Busan Night food tour - Bupyeong Kkangtong market,"Gukje Market, Bupyeong Kkangtong Market, Matchandeul Wang Sogeumgui"
"Seoul Night Tour (Gwangjang Market, Royal Palace and Naksan Park)","Changgyeonggung Palace, Gwangjang Market, Naksan Park, Cheonggyecheon Stream"
Jeju West Coast Day Tour,"Hyeopjae Beach, O’sulloc Tea Museum, Songaksan Mountain, Cheonjeyeon Falls, Saebyeol Oreum"
Jinhae Cherry Blossom Tour - Depart from Busan ,"Gyeonghwa Station Cherry Blossom Road, Yeojwacheon Stream, Jinhae-gu"
Private DMZ Tour From Seoul,"Imjingak Pyeonghoa-Nuri Park, DMZ, Imjingak Pyeonghoa-Nuri Park"
[With Military Veteran] DMZ Private Tour : 3rd Tunnel & Odusan Observatory,"DMZ, Mangbaedan, Dorasan Station, The Third Tunnel, Dora Observatory, Odusan Unification Tower"
"Gangnam Style Private Evening Tour: K-pop, Trends & Culture","Bongeunsa Temple, Statue of Gangnam Style, Starfield COEX Mall, Gangnam Style Horse Dance Stage, Kakao Friends Hongdae Flagship Store, LINE Friends Flagship Store Myeongdong Station"
Private 90 Minutes Kickstart Tour of Seoul by Night with a Local,"Namdaemun Market, Sungnyemun Gate"
Busan Night view Tour,"Busan, Songdo Skywalk, Choryang Ibagu-gil, Story 491 Cafe & Pub, Hwangnyeongsan Mountain"
Danyang One Day Tour,"KTOURSTORY, Danyang Market, Mancheonha Skywalk, Cheongpung Cultural Heritage Complex"
3-Hour of Chuncheon Tasting Tour,"별미당, Chuncheon Myeongdong Dakgalbi Street, 육림고개서민슈퍼, Lotte Cinema Chuncheon"
Stunning sea view - Gangneung One Day Tour Depart from Seoul,"KTOURSTORY, Jeongdong-Simgok Badabuchae-gil Trail, Gangneung Jungang Market, Jeongdongjin"
Nami Island & Petite France with Italian Village One-Day Tour ,"Nami Island, Petite France"
DMZ tour - Small-group and No Shopping ,"Imjingak Pyeonghoa-Nuri Park, Odusan Unification Tower, The War Memorial of Korea"
Jeju Island Small Group Full Day Tour - East Course,"Seongeup Folk Village, Seopjikoji, Seongsan Ilchulbong, Manjanggul Cave"
Jeju Island Small Group Full Day Tour - South Course,"Songaksan Mountain, O’sulloc Tea Museum, Cheonjiyeon Falls, Daepo Haean Jusangjeolli Cliff"
Full Day Private Seoul Highlights Driving Tour with Kris Lim,"Gyeongbokgung Palace, Bukchon Hanok Village, Insadong, Jogyesa Temple, Dongdaemun Design Plaza (DDP), N Seoul Tower, Namdaemun Market"
"[Perfect Private Tour] Nami island, Petite France and Organic Strawberry Farm","Nami Island, Petite France, Aram Berry Farm"
Private Day tour East & south & west of place in jeju island ,"Manjanggul Cave, Woljeongri Beach, Seongsan Ilchulbong, Sangumburi Crater, Saryeoni Forest Path, Jeju Stone Park, Jeongbang Waterfall, O’sulloc Tea Museum, Yongmeori Beach, Jeju Island"
Korean Cultural Combo: Yongin MBC Dramia TV Set Tour and Korean Folk Village from Seoul,"Seoul, Yongin Daejanggeum Park, Yongin, Korean Folk Village, Seoul"
Seoul Combo: Cultural Heritage Tour with Kimchi Making and Traditional Dress Wearing,"Jogyesa Temple, Gyeongbokgung Palace, Cheongwadae Sarangchae, 청하고려인삼, VIP TRAVEL"
Busan Sightseeing Tour Including Gamcheon Culture Village and Beomeosa Temple,"Beomeosa Temple, Jagalchi Market, Gukje Market, Busan Gamcheon Culture Village, Hwangnyeongsan Mountain, BIFF Square, Gwangbokro Culture and Fashion street"
Small-Group Korean Night Food Tour,"Insadong, Insadong, Insadong, Ikseon-dong Hanok Street"
Seoul Afternoon Food Tour and visit 3 land Marks of Seoul,"Cosmo. Jin Tour - Day Tours, Cosmo. Jin Tour - Day Tours"
Jinhae Cherry Blossom Tour- Depart From Seoul,"Jinhae-gu, Yeojwacheon Stream, Gyeonghwa Station Cherry Blossom Road"
Taean Tulip Festival & Strawberry Picking Day Tour,Taean Tulip Festival
Afternoon Seoul highlights Segway Tour with food tasting and Korean BBQ,"Gwanghwamun Square, Changdeokgung Palace, Ikseon-dong Hanok Street, Kwangjang Market, Cheonggyecheon Stream, Jonggak Avenue of Youth"
Jeju East Coast One Day Tour,"KTOURSTORY, Baekyaki Oreum Volcanic Cone, Seongsan Ilchulbong, Woljeongri Beach, Seopjikoji-ro"
DMZ tour pick up & drop off at Incheon airport,"Incheon International Airport, Imjingak Pyeonghoa-Nuri Park, Incheon International Airport"
Namdaemun Market Tasting Tour,Namdaemun Market
One Day Vivaldi Ski Resort Tour with Nami Island and Petite France,"KTOURSTORY, Vivaldi Park Ski World, Nami Island, Petite France"
Andong Day Tour Depart from Busan,"Andong Hahoe Folk Village, 203, Dosanseowon Confucian School, Buyongdae"
Seoul Segway Tour off the beaten path,"Tongin Market, Bukchon Hanok Village, Jogyesa Temple, Insadong, Ikseon-dong Hanok Street, Jonggak Avenue of Youth, Cheonggyecheon Stream"
Busan Private & Free Style Tour ,"Busan Gamcheon Culture Village, Songdo Skywalk, Jagalchi Market, Haedong Yonggungsa, Haeundae Beach"
Private Tour: Nami Island & Petite France 'or' Morning Calm ,"Nami Island, Petite France, Garden of Morning Calm"
Seoul night walking tour,"Mangwon Market, Mapo Agricultural and Marine Products Market, Haneul Park"
"Private Van Tour to Nami Island, Petite France & More (Up to 10 or 16 pax)","Nami Island, Petite France, The Garden of Morning Calm, Gangchon Rail Park"
Busan Scenic Tour,"KTOURSTORY, Busan Museum Of Movies, Ganjeolgot, Jukseong Dream Cathedral, Haedong Yonggungsa, Cheongsapo Daritdol Skywalk"
One-Day Tour for stunning Mt.Seoraksan from Seoul,"Seoraksan National Park, Gwongeumseong Fortress, Sinheungsa Temple"
Full day caring tour in Jeju (Day and Night Tour),Jeju
Gyeongju Private Tour with hidden gem by local tour guide,"Bulguksa Temple, Seokguram, Shilla Arts and Science Museum, Daereungwon Tomb Complex, Cheomseongdae Observatory, Gyeongju Gyochon Traditional Village, Donggung Palace and Wolji Pond, Yangdong Folk Village, Gyeongju National Museum, Woljeonggyo Bridge"
Exclusive Private DMZ Tour & War Memorial Hall or Suspension Bridge(No Shopping),"Imjingak Pyeonghoa-Nuri Park, The Third Tunnel, Dorasan Station, Dora Observatory, Gamaksan Chulleong Bridge, The War Memorial of Korea, Paju Premium Outlets"
Fun & Informative Gangneung in Korea Virtual Tour ,"Jeongdongjin Beach, Haslla Art World, Hyangho, Jumunjin Beach, Balwangsan Mountain, Anmok Beach"
Free style Seoul walking Tour,"Gyeongbokgung Palace, National Palace Museum of Korea, Bukchon-ro, Insadong, Ikseon-dong Hanok Street"
Private custom tour with a local guide Seoul,"Seoul, Seoul"
Full Day Tour JSA + DMZ from SEOUL,"Namdaemun Market, Imjingak Pyeonghoa-Nuri Park, The Third Tunnel, Dora Observatory, Panmunjom, Namdaemun Market"
Half day DMZ tour from Camp Humphreys,"Imjingak Pyeonghoa-Nuri Park, The Third Tunnel, Dora Observatory, 통일촌삼거리, Gamaksan Chulleong Bridge"
Hipster Seoul: West Side Food Tour,Mangwon Market
Small Group Private Tour from Seoul to Nami Island/ Mount Seorak with tour guide,"Nami Island, Petite France, The Garden of Morning Calm, Seoraksan, Naksansa Temple"
Gangnam - Highlight City Tour in Seoul(including Lunch),"Bongeunsa Temple, Starfield COEX Mall, Seolleung & Jeongneung Royal Tomb, Gangnam Underground Shopping area, Kwangjang Market"
Hwaseong Fortress and Korean Folk Village Tour from Seoul,"Hwaseong Fortress, Korean Folk Village"
1.Ultimate DMZ & JSA: Private Tour along North Korea Spy Commando Invasion Route,"The War Memorial of Korea, Panmunjom, DMZ Spy Tour - Day Tours"
Busan Night Tour Including Night Food Market Visit,"Bupyeong Kkangtong Market, Hwangnyeongsan Mountain, Busan Cinema Centre"
Day Trip to Nami Island and Railbike Tour from Seoul,"Nami Island, Gangchon Rail Park"
Full-Day Culinary Tour of Seoul Including Noryangjin Fish Market and Korean BBQ Dinner,"Noryangjin Fisheries Wholesale Market, Sanmotunggi Coffee, Ikseon-dong Hanok Street, Kwangjang Market, Dongdaemun Shopping Complex, Majang Meat Market"
Private Full Day Tour to Korean Folk Village and Hwaseong Fortress,"Hwaseong Fortress, Korean Folk Village"
Ancient Seoul Bicycle food tour: Taste of Seoul!,"Tourist Information Center of Korea Tourism Organization, Gwanghwamun Gate, Gyeongbokgung Palace, Bukchon Hanok Village, Jogyesa Temple, Cheonggyecheon Stream, Ikseon-dong Hanok Street"
"Day tour for Foodies : Nami Island, Petit France and the garden of morning calm","Nami Island, Petite France, The Garden of Morning Calm"
Private Seoul City Tour (half day),"Gyeongbokgung Palace, Bukchon Hanok Village, Namdaemun Market, Insadong"
Morning Seoul Highlights Segway Tour,"Gwanghwamun Square, Gyeongbokgung Palace, Bukchon Hanok Village, Insadong, Jogyesa Temple, Tongin Market"
9-Hour Private Car Charter Tour in Busan,"Busan Tourist Information Center, Haeundae Beach, Gwangalli Beach, Seomyeon Underground Shopping Center"
Cheonggyecheon Bicycle Tour: Twilight in Seoul,"Tourist Information Center of Korea Tourism Organization, Cheonggyecheon Stream, Sewoon Arcade (Makercity Sewoon), Dongdaemun Design Plaza (DDP), Dongdaemun Gate (Heunginjimun), Kwangjang Market, Gwanghwamun Gate, Bukchon Hanok Village, Jogyesa Temple, The Blue House (Cheong Wa Dae), Kwangjang Market"
Gangnam District Tour in Seoul Including COEX Aquarium and Han River Cruise,"Seoul, Coex Aquarium, Hangang Park, Bongeunsa Temple, Seoul"
Essential Gangnam Tour (Incl. Dinner)-Hot Place of Seoul,"Bongeunsa Temple, Starfield COEX Mall, Seolleung & Jeongneung Royal Tomb, Gangnam Underground Shopping area, Kwangjang Market"
 Vivaldi Park Ski World One Day Tour,"Vivaldi Park Ski World, Vivaldi Park Ski World"
Fun-filled Day at Bears Town Ski Resort,"베어스타운 스키 리조트(Bears Town Ski Resort), 베어스타운 스키 리조트(Bears Town Ski Resort)"
Seoul Symbolic Afternoon Tour Including Changdeokgung Palace,"Changdeokgung Palace, Namdaemun Market, N Seoul Tower, Bukchon Hanok Village"
BTS Tour with optional 1 day Dance Class,"Hwarangdae Station - Closed Station, Seoul Forest, Big Hit Entertainment, Dosan-daero 28-gil, Line Friends Hongdae Flagship Store"
DMZ &3rd Tunnel Experience - EG Tour Bus A Course,"Hongik University Street, Imjingak Pyeonghoa-Nuri Park, DMZ, Dora Observatory, The Third Tunnel, Paju Premium Outlets, Paju Provence Village, Hongik University Street"
Korean Folk Village Afternoon Half day Tour ,Korean Folk Village
JSA Tour,"Imjingak Pyeonghoa-Nuri Park, DMZ, The Third Tunnel, Panmunjom"
Seoul Layover Tour with a Local: 100% Personalized & Private,Dongdaemun Design Plaza (DDP)
[Small Group]4-Hour Leisure Night and Street Food Tasting Tour in Seoul,"Dongdaemun Market, Deoksugung, Kwangjang Market"
Han River Evening Cruise and Gwangjang Night Market Tour,"63 City, Yeouido Hangang Park, Kwangjang Market"
Full Day Customizable Private Nami Island Tour with Photographer tour guide,"Petite France, Nami Island, The Garden of Morning Calm, Petite France, Nami Island, The Garden of Morning Calm"
Central Busan Tour : Back to the Chosun Dynasty era (Starts 10:00),"Beomeosa Sungbo Museum, Geumjung Mt. fortress, Bugjangdae, Dongnaeeupseong Fortress North Gate, 장영실 과학동산, Dongnaeeupseong Fortress Site, Bokcheon Museum, Beomeosa Sungbo Museum, Geumjung Mt. fortress, Bugjangdae, Dongnaeeupseong Fortress North Gate, 장영실 과학동산, Dongnaeeupseong Fortress Site, Bokcheon Museum"
1 DAY Korea Transit Tour : Take a journey in your travel,"Odusan Unification Tower, Starfield Goyang"
Private Tour: 2Days Busan Old & New Urban Centres Tour by KTX Train from Seoul,"Ami-ro 128beon-gil, Busan Gamcheon Culture Village, Jagalchi Market, Gwangalli Beach, Haedong Yonggungsa, Haeundae Beach, Marine city 1-ro, Oryukdo Skywalk, Haeundae Blue Line Park"
Half-day Korean Folk Village Tour by Shuttle,Korean Folk Village
"Vivaldi Park Ocean World,Luge, Sheep Farm,Sky Swing tour with round trip shuttle",Vivaldi Park
Jecheon One Day Tour (Special Offer 30% Off),"KTOURSTORY, Cheongpung Cultural Heritage Complex, Jecheon-si, Cheongpung Cultural Heritage Complex"
Seoul Instagram Night Tour,"Gwanghwamun Square, Gwanghwamun Gate, Cheonggyecheon Stream, Jonggak Avenue of Youth, Jongno Tower, Jogyesa Temple"
Drinks & Bites in Seoul Private Tour,"Gwangjang Market, Myeongdong Shopping Street"
Seoul Day Walking Tour with traditional spots (+ free snap photo shoot),"Tongin Market, Gwanghwamun Gate, Gyeongbokgung Palace, Jogyesa Temple, Insadong"
Seoul City Tour - Free Photo Service ,"Gyeongbokgung Palace, Bukchon Hanok Village, Insadong, Kwangjang Market, Namsangol Hanok Village, N Seoul Tower, Myeongdong Shopping Street"
Seoul Night Walking Tour with popular film spots (+free snap photo shoot),"Dongdaemun Design Plaza (DDP), Dongdaemun Gate (Heunginjimun), Seoul City Wall, Naksan Park, Marronnier Park"
Lotte World Tower Seoul Sky Tour,Lotte World Tower & Mall
Jeju Customizable Private Tour ,"Manjanggul Cave, Seongeup Folk Village, Seongsan Ilchulbong, Gwangchigi Beach, Seopjikoji-ro"
Fun & Informative Daegu in Korea Virtual Tour ,"Palgongsan Cable Car, Donghwasa, Daegu Yangnyeongsi Museum of Oriental Medicine, Seomun Market, Kim Gwangseok Street, 83 Tower, Manhyujung, Andong Hahoe Folk Village"
Seoul Royal Palace Tour in Deoksugung Palace and National Museum of Art,"Deoksugung, Deoksugung"
Gangneung Danoje Romantic Day Tour from Seoul,"Gyeongpo Beach, Gangneung Jungang Market"
Han River sunset Chicken & Karaoke Private Tour,Nodeul Island
Busan Yacht & City Tour,"Haedong Yonggungsa, Gwangalli Beach, Suyeongman Bay Yachting Center, Busan Gamcheon Culture Village, Haedong Yonggungsa, Gwangalli Beach, Suyeongman Bay Yachting Center, Busan Gamcheon Culture Village"
Royal palace and Korean Food Half-Day Walking Tour,"Gyeongbokgung Palace, Bukchon Hanok Village, Insadong, Jogyesa Temple, Gyeongbokgung Palace, Bukchon Hanok Village, Insadong, Jogyesa Temple"
Half-day Walking tour of Namdaemun market and Seoul Tower,"Seoul City Hall, N Seoul Tower, Namdaemun Market"
Full day Korean DMZ & JSA (Panmunjeom) tour without shopping stop,DMZ
Private Full Day Tour of Busan Eastern Part Highlights,"Haedong Yonggungsa, Busan Premium Outlet, Haeundae Beach, Dongbaekseom, Nurimaru APAC House"
Romantic Jinhae Cherry Blossom Night Tour - Depart from Busan,"Gyeonghwa Station Cherry Blossom Road, Yeojwacheon Stream"
No Tour,"The War Memorial of Korea, Insa-dong Street, 북한전통음식문화연구원(능라밥상), DMZ, The Third Tunnel, Dorasan Station, Dora Observatory"
"Private Van Tour to Seoraksan, Naksansa Temple & More","Seoraksan National Park, Naksansa Temple, Daepo Port, Sokcho Tourist Fish Market, Abai village"
"One Day Private Tour-Nami Island, Petite and Garden of Morning Calm(Incl. Lunch)","Nami Island, Petite France, The Garden of Morning Calm"
Vivaldi Park Snowyland Self-guided Day Tour,Vivaldi Park
BTS Army Tour,"Hyangho, Jumunjin Beach, Iryeong Station - Closed  Station, LINE FRIENDS Cafe and Store"
"Private Van tour to Paju Province, Premium Outlet & Hyeri Art Village (upt10pax)","Paju Provence Village, Heyri Art Village, Paju Premium Outlets"
Classic Naejangsan National Park One Day Tour (Autumn Limited）,Naejangsan National Park
Special Korea DMZ Tour,"Odusan Unification Tower, The War Memorial of Korea"
Jeju island West 1 day Bus tour (Lunch + Free Snap Photo included),"289-13, O’sulloc Tea Museum, Camellia Hill, Cheonjeyeon Falls, Segowipo Maeil Olle Market, 289-13, O’sulloc Tea Museum, Camellia Hill, Cheonjeyeon Falls, Segowipo Maeil Olle Market"
Half day Walking tour - Gyeongbok Palace & Bukchon Hanok Village,"Seoul, Gwanghwamun Square, Gyeongbokgung Palace, National Folk Museum of Korea, Bukchon Hanok Village"
4 Hours Private tour with top attractions in Seoul,"Seoul, Gyeongbokgung Palace, National Folk Museum of Korea, N Seoul Tower"
"BTS fliming location in Jeonju Tour with House of Awon, Jeonju Zoo","Songgwangsuman-ro, Jeonju Hanok Village, Omokdae and Imokdae, Nambu Market"
Relaxing Into Healing: Hwadam Forest & The Stay Healing Park Tour,"Hwadam Botanic Garden, Koo House Museum, The Stay HEALING PARK"
"Sizzling Seoul: Private Food Tour - Korean BBQ, Market & Street Food","Ikseon-dong Hanok Street, 종묘광장공원, Kwangjang Market, Mi Galmaegisal"
Junam Wetlands and Haeinsa Temple Tour,"Junam Reservoir, Haeinsa Temple"
Busan Custom-made Car Tour （Private Tour）,"Beomeosa Temple, UN Memorial Cemetery"
Fun & Informative Mokpo Food Virtual Tour in Korea ,"Port of Mokpo, Ssugkkulle, Myeong-Injib, 독천식당, Mokpo Modern History Museum, Mokpo Marine Cable Car, Gatbawi Rock, Peace Square"
[Seoul Live Virtual Tour with OraeGage] Korean Snack Foods Cooking Class,Gangnam / Nonhyeon / Yeoksam
Private Tongdosa Temple Tour including Gourmet Eonyang Style Bulgogi Lunch,"Tongdosa Temple, Eonyang-eup"
"Suwon Hwaseong Fortress Food Walking Tour, KTourTOP10","Yeonmudae (Dongjangdae), Banghwasuryujeong Pavilion (Dongbukgakru), Jidong Market, Haenggung Street, Haenggung Street, Hwaseong Haenggung Palace"
"Korea Half-Day Tour DMZ from Seoul, No Shopping","Seoul, Imjingak Pyeonghoa-Nuri Park, DMZ, The Third Tunnel, Dora Observatory, Seoul"
Seoul Night 2.5 Hours Food Tour,"Eulji-ro 13-gil, Cheonggyecheon Stream, Gwangjang Market Food Alley"
Mangwon Market Food Tour,Mangwon Market
BTS Filming Location Tour : BTS Bus Stop and Butter Beach,"Gapyeong Service Area, Hyangho Beach, Gangneung Jungang Market, Maengbang Beach"
Private DMZ Tour in South Korea,"DMZ, Imjingak Pyeonghoa-Nuri Park, Heyri Art Village"
"Busan Night Tour: Food Market, Cloud Walk, village and Mt. View","Bupyeong Kkangtong Market, Busan Gamcheon Culture Village, Songdo Skywalk, Hwangnyeongsan Mountain"
"Seoul 4-Hour Afternoon Tour of the Han River Cruise, Aqua Planet 63, and Sky Art","AquaPlanet 63, 63 Sky Art (63 SQUARE), Yeouido Hangang Park"
Private K-Food Walking Tour Including Visit to Dongdaemun District,"Cheonggyecheon Stream, Kwangjang Market, Dongdaemun Design Plaza (DDP)"
Full-Day Seoul Highlights Tour by SEGWAY with Food tasting and Korean BBQ,"Gwanghwamun Square, Changdeokgung Palace, Kwangjang Market, Jonggak Avenue of Youth, Cheonggyecheon Stream"
Winter Wonderland - Deogyusan One Day Tour,Deogyusan Resort
Local Food Tasting Tour to Chuncheon,"NH농협은행 강원도청출장소(NongHyup Bank), Chuncheon Myeongdong Dakgalbi Street, 육림고개서민슈퍼, Lotte Cinema Chuncheon"
Nami Island Private Tour (6-12 people),"Nami Island, Petite France, The Garden of Morning Calm"
1-DAY Gyeongju UNESCO and Culture tour.,"Seokguram(Grotto), Bulguksa Temple, Gyeongju Folk Craft Village, Daereungwon Tomb Complex, Gyeongju Gyochon Traditional Village, Cheomseongdae Observatory, Gyeongju National Museum, Donggung Palace And Wolji Pond"
Full day Gyeongju Cherry Blossom Tour,"Bomun Tourism Complex, Gyeongju Historic Area"
Daegu E-world Cherry Blossom Tour (Night Tour),Daegu
Seoul Highlights Seoul Must See {Private Tour},"Gyeongbokgung Palace, Insadong, Jogyesa Temple, Bukchon Hanok Village, Namdaemun Market, Hangang Park"
[Private Tour] Strawberry Farm & Nami Island(More Members Less Cost per Person),"Aram Berry Farm, Nami Island"
3-Hour of Nami Island Food Tour,Nami Island
Everland and Caribbean Bay Day Tour,"Everland, Caribbean Bay"
BTS (Bangtan Boys) and Goblin Shooting Place Tour,Myeongdong Shopping Street
Hangang River Cruise and N Seoul Tower Night Tour,"Yeouido Hangang Park, N Seoul Tower"
Alpaca World and Hongcheon Gingko Forest Golden Trails Day Tour,"Alpaca World, Hongcheon Ginkgo Forest"
DMZ Tour Including the 3rd Tunnel with professional guide,"Imjingak Pyeonghoa-Nuri Park, Dora Observatory, The Third Tunnel, Dorasan Station"
Gyeongju Pink Muhly Tour,"Daejeo 1(il)-dong, Eulsukdo Island, Gyeongju Historic Area"
"Nami Island, Petite France, Garden of Morning Calm Day Tour","Nami Island, Petite France, The Garden of Morning Calm"
Fullday DMZ Tour without Shopping (departure at AM 09:00),"Odusan Unification Tower, DMZ"
Vivaldi Park Ski World Day Tour from Seoul - Ski Day Trip,Vivaldi Park Ocean World
(Private) 1Day Gyeongju city tour From BUSAN - UNESCO World Heritage Site,"Daereungwon Tomb Complex, Donggung Palace & Wolji Pond, Bulguksa Temple, Seokguram, Cheomseongdae Observatory"
Strawberry & Eobi Valley Tour with Nami Island or Sled Option,"Yangsu-ri Strawberry Farm Experience, 어비계곡, Nami Island, Gapyeong Sledding Hills"
Seoul City Main Attractions Private Tour,"Gyeongbokgung Palace, Bukchon Hanok Village, Jogyesa Temple, Insadong, Yeouido Hangang Park, Yeouido Hangang Park"
Seogwipo(The southern city of Jeju)City Walking Tours with Sunset,"Cheonjiyeon Falls, Saeyeongyo Bridge, Saeseom, Segowipo Maeil Olle Market"
Private Custom Tour With a Local Guide in Busan,Busan
JEJU TAXI TOUR - East of jeju ( Included Drop-off Jeju Airport ),"Jeongbang Waterfall, Oedolgae, Seongsan Ilchulbong, Seongeup Folk Village, Sangumburi Crater"
"Jeju Full-Day Tour of East, South and West","O’sulloc Tea Museum, Yongmeori Coast, Oedolgae, Jeongbang Waterfall, Seongsan Ilchulbong, Hamdeok Beach"
"Special Private Tour Nami Island, Rail Bike, Petite France","Seoul, Nami Island, Gangchon Rail Park, 호원가든, Petite France, Seoul"
Suncheon 1-day tour for Main attractions,"Songgwangsa Temple, Nagan Eupseong Folk Village, Suncheon Bay Garden, Suncheon Bay Wetland Reserve, Suncheon"
Full day Customizable Private: Gyeongju UNESCO Heritage Tour with East Sea ,"Bulguksa Temple, Seokguram, 감포선착장, 송대말등대, 경주 이견대, 문무왕릉.봉길해수욕장, Columnar Jointing Padosori Path"
1 Day Busan Tour (Private Tour),"Jagalchi Market, Gukje Market, BIFF Square, Busan Gamcheon Culture Village, Songdo Cable Car"
Half-Day Self-Guided Tour of Gangneung with Driver,"Gangneung Jungang Market, Ojukheon, 향호해변, Yeongjin Beach, 안목커피거리"
[Seoul Live Virtual Tour with OraeGage]Stories Beyond the Hanok Doors in Jongno,"Bukchon Hanok Village, Donglim Knot Museum, Insadong, Jidaebang"
Private Full Day Tour of Busan Downtown & Northern Part Highlights,"Beomeosa Temple, Geumgang Park, Daeyongdong Cultural Alley, Jagalchi Market, Gukje Market, Yongdusan Park, Beomeosa Temple, Geumgang Park, Daeyongdong Cultural Alley, Jagalchi Market, Gukje Market, Yongdusan Park"
Historic and Natural Beauty- Gyeongju Autumn Foliage Day Tour,"Bomun Lake, Gyeongju Historic Area"
Legoland with Gangchon Railbike or Nami Island One-day Tour,"LEGOLAND Korea Resort, Gangchon Rail Park, Nami Island, LEGOLAND Korea Resort, Gangchon Rail Park, Nami Island"
Jeju Island East Course Private Full day Tour,"Seongsan Ilchulbong, Seongeup Folk Village, Manjanggul Cave, Bijarim Forest, Seopjikoji, Woljeongri Beach"
Food Tour - Korean Alcohol Tasting with Dinner,"Samhae Soju, Bukchon Hanok Village, Bukchondodam"
Busan City Tour with Pickup,"APEC Naru Park, Haedong Yonggungsa, Busan Tower, Songdo Beach, Busan Gamcheon Culture Village"
"Private Day Trips : Highlights of Busan City Tour, from Busan","Jagalchi Market, BIFF Square, Haedong Yonggungsa, Haeundae Beach, Nurimaru APAC House, 49, Busan Gamcheon Culture Village"
Mt. Seorak Fall Foliage + Birch Tree Forest Tour,"Seoraksan National Park, Wondaeri Birch Forest"
Seokmodo Island and Ganghwado Island Private Tour with Bomunsa Temple,"Seongmodo, Bomunsa Temple, Seongmodo, Ganghwa Anglican Cathedral, Gwangseongbo Fortress, Ganghwado, Ganghwa Peace Observatory"
Guided Sightseeing Yacht Tour of Busan Sea,Gwangandaegyo Bridge
Busan private tour with professional local tour guide,"Haedong Yonggungsa, Haeundae Beach, Busan Gamcheon Culture Village, BIFF Square, Jagalchi Market, Gukje Market"
Full-Day Gyeongju Private Tour from Busan with Lunch,"Daereungwon Tomb Complex, Cheomseongdae Observatory, Gyeongju, Bulguksa Temple, Seokguram"
3-Hour Seoul Night Food Tour: Hongdae & Yeonnam,"연남동, Hongdae"
Dream Concert Full-Day Tour in Korea,"Mangwon Market, Hangang Park, Jamsil Sports Complex"
"Private Full-Day Guided Tour in Seoul with Lunch, Tea and Dinner","National Folk Museum of Korea, Gyeongbokgung Palace, The Blue House, Bukchon Hanok Village, Baek In-je's House, Jogyesa Temple, Insadong, Cheonggyecheon Stream, Kwangjang Market"
Gyeongju the UNESCO Sites Tour for Small Group,"Seokguram, Bulguksa Temple, Daereungwon Tomb Complex, Gyeongju Gyochon Traditional Village, Woljeonggyo Bridge, Cheomseongdae Observatory"
Busan's Coastal Charm Day Tour with Sky Capsule,"Haeundae Blue Line Park, Oryukdo Skywalk, Huinnyeoul Culture Village"
"Enchanting South Korea: Art, Alpacas, and Scenic Escapes Tour!","Alpaca World, Gapyeong-gun, Petite France, The Painters, Alpaca World, Gapyeong-gun, Petite France, The Painters"
DMZ Tour and Seoul City Tour Combo,"Seoul City Tour Bus, DMZ"
Private Full Day Tour of Busan Southern Part Highlights,"Oryukdo Skywalk, Dadaepo Beach"
DMZ & NLL Combination Tour,Cosmo. Jin Tour - Day Tours
"Afternoon Half Day Seoul City Tour, visit Queen's dorm",Cosmo. Jin Tour - Day Tours
1-DAY Busan and INCLUDED night tour,"Haedong Yonggungsa, Haeundae Dalmaji-gil Road, Haeundae Beach, Dongbaekseom, UN Memorial Cemetery, Songdo Beach, Busan Gamcheon Culture Village, Busan Tower, Gukje Market"
Jinhae Cherry Blossom and Busan Sunrise Tour from Seoul,"Haeundae Beach, Haedong Yonggungsa, Jinhae Gunhangje Festival"
Daegu Chimac Festival Tour,Daegu Duryu Park
Busan 1 Day Private Tour,"Busan Gamcheon Culture Village, Busan Gamcheon Culture Village"
Busan Tour : 8 hour Private Car Tour (with Driver),"Busan, Busan"
[Private] Seoul Historical Van Tour,"Cheonggyecheon Stream, Gwanghwamun Square, Gyeongbokgung Palace, Bukchon Hanok Village, Dongdaemun Design Plaza (DDP)"
EXO Showtime Filming Location Private Tour in Seoul,"Hallyu K-Star Road, Starfield COEX Mall, Dongdaemun Design Plaza (DDP), N Seoul Tower, Hongdae Art Market Free Market"
Port shore Excursion Tour - Incheon to Seoul (8hours),"Gyeongbokgung Palace, National Folk Museum of Korea, Insadong, Namsangol Hanok Village, Namdaemun Market, Gyeongbokgung Palace, National Folk Museum of Korea, Insadong, Namsangol Hanok Village, Namdaemun Market"
Naejangsan Maple Leaf Tour,"Naejangsan National Park, Naejangsan National Park"
Suwon Special Tour - The Visit Traditional Korean Markets Month,"Korean Folk Village, 삼성디지털시티 남문, Korean Folk Village, 삼성디지털시티 남문"
Private Full day tour to Mt Soerak & Naksansa Temple (up to 9pax),"Seoraksan National Park, Naksansa Temple, Seoraksan National Park, Naksansa Temple"
Busan Food & Night View Tour with Night Cruise Sailing ,"Keulujeu, Busan Cinema Centre, Hwangnyeongsan Mountain, Gwangalli Beach"
Seoul Private Tour : Gyeongbokgung & Gangnam Kpop Tour (up to 10pax),"Gyeongbokgung Palace, Bukchon Hanok Village, Hallyu K-Star Road, SMTOWN coexartium"
1 Day Private Exhilarating Gangneung Tour,"Gangneung Jungang Market, Anmok Beach, Ojukheon"
Private Van Tour For Seoul (Up to 10 or 16 pax),"Seoul, Bukchon Hanok Village, N Seoul Tower, Myeongdong Shopping Street, Gwangjang Market, Hongdae, Garosu-gil, Inwangsan, Haneul Park"
Nami Island + Gangchon Rail Bike + Petite France Private Tour (up to 10pax),"Gangchon Rail Park, Nami Island, Petite France"
KOREA ANDONG_UNESCO World Heritage Tour,"Andong Hahoe Folk Village, Byeongsan Seowon, Bongjeongsa Temple"
[RingRing 4 Hrs FOUR Palaces with HANBOK] Unmanned Guide E-scooters Riding Tour,"Changgyeonggung Palace, Changdeokgung Palace, Gyeongbokgung Palace, Gyeonghuigung Palace"
Insadong Makgeolli Taster Tour,Insadong
Gwangju Beer Festival + Market Tour,1913 Songjeong Station Market
South Korea Demilitarized Zone Half Day Tour,"Dora Observatory, The Third Tunnel"
Gangchon ATV & Water Sports Day Tour,Chuncheon Myeongdong Dakgalbi Street
 Customized Private Shopping Tour in Korea,"Garosu-gil, The Shilla Duty Free Seoul, Shinsegae Gangnam, Garosu-gil, The Shilla Duty Free Seoul, Shinsegae Gangnam"
"Private Folk Village, Suwon Hwaseong Fortress Tour","Korean Folk Village, Hwaseong Fortress, Korean Folk Village, Hwaseong Fortress"
Korean Folk Village Afternoon Tour,"Korean Folk Village, Korean Folk Village, Korean Folk Village"
Private Van Customized Busan Tour from Seoul Oneday trip. (up to 10pax),"Songdo Skywalk, Busan Gamcheon Culture Village, Jagalchi Market, Haedong Yonggungsa"
New Year Countdown & Pohang Homigot Sunrise Watching Tour from Busan,"Busan Tower, Busan Gamcheon Culture Village, Hwangnyeong Mountain View Lounge, Homigot Sunrise Plaza"
Private Seoul City Tour with Memorable Video,Everland
DMZ Private Tour with Unlimited Pork BBQ,"Imjingak Pyeonghoa-Nuri Park, The Third Tunnel, Dorasan Peace Park, DMZ"
Nami Island Petit France Bus Tour,Nami Island
Haeundae & Diamond Bridge Night View tour (3 Hours),"Nurimaru APAC House, The Bay 101 Yacht Club, Hwangnyeongsan Mountain, 감만시민부두, Nurimaru APAC House, The Bay 101 Yacht Club, Hwangnyeongsan Mountain, 감만시민부두"
"Nami Island, Petite France Day Tour","Nami Island, Petite France, Nami Island, Petite France"
Everland Blood City Night Tour,"Everland, Everland"
Vivaldi Park Ski One Day Tour,"Vivaldi Park, Vivaldi Park"
[Private] A Tour Guide for Monsta X Monbebe Tour in Seoul,"AquaPlanet ILSAN, Hanwha Aqua Planet Ilsan"
Discover Everland Resort With Tour Guide,Everland
Full-day snow Tour to Jisan Forest Resort from Seoul,"Jisan Forest Resort Entrance, Gyeonghui Mart, Jisan Forest Resort Entrance, Gyeonghui Mart"
Hadong Cherry Blossom One day Tour – Depart from Busan ,"KTOURSTORY, Ssanggyesa Temple, Hwagae Market, KTOURSTORY, Ssanggyesa Temple, Hwagae Market, KTOURSTORY, Ssanggyesa Temple, Hwagae Market"
Jinhae Cherry Blossom Festival Day Tour(from Busan),"Gyeonghwa Station Cherry Blossom Road, Jangboksan Sculpture Park, Yeojwacheon Romance Bridge, Gyeonghwa Station Cherry Blossom Road, Jangboksan Sculpture Park, Yeojwacheon Romance Bridge"
Seoul City Tour - Private Van (1day),"Gyeongbokgung Palace, Bukchon Hanok Village, Dongdaemun Market, Gwangjang Market, N Seoul Tower, Gyeongbokgung Palace, Bukchon Hanok Village, Dongdaemun Market, Gwangjang Market, N Seoul Tower"
Ganghwado Island Private Tour with Jeondeungsa Temple and Joyang Bangjik Cafe,"Ganghwa Anglican Cathedral, Ganghwado, Gwangseongbo Fortress, Jeondeungsa Temple, Dongmak Beach, Ganghwa Anglican Cathedral, Ganghwado, Gwangseongbo Fortress, Jeondeungsa Temple, Dongmak Beach"
Fullday Mt. Seorak Tour ,"Seoraksan National Park, Sinheungsa Temple, Gwongeumseong Fortress"
Seoul Tower walking tour ,"Seoul, N Seoul Tower, An Jung-geun Memorial Hall, Seoul, N Seoul Tower, An Jung-geun Memorial Hall"
Departing Incheon Airport Tour- Incheon Best Tourist Attractions Tour,"Chinatown, Gaehangjang Yeoksa Munhwaui Geoli, Incheon Jayu Park, Songdo Central Park, Chinatown, Gaehangjang Yeoksa Munhwaui Geoli, Incheon Jayu Park, Songdo Central Park"
Ganghwa-do Culture/Historical Healing One Day Tour,"Sochang Experience Hall, 강화 관광플랫폼(강화읍), 강화중앙시장, Ganghwa Anglican Cathedral, 카페주택, Ganghwa Peace Observatory, 강화화문석체험학습장, Ganghwa Pungmul Sijang, Sochang Experience Hall, 강화 관광플랫폼(강화읍), 강화중앙시장, Ganghwa Anglican Cathedral, 카페주택, Ganghwa Peace Observatory, 강화화문석체험학습장, Ganghwa Pungmul Sijang"
Nami Island + Ski Tour ,"Seoul City Tour, Elysian Gangchon Ski, Nami Island, Seoul City Tour, Elysian Gangchon Ski, Nami Island"
Seoul Half Day Walking Tour,"Changdeokgung Palace, Insa-dong, Gyeongbokgung Palace, Sejong Center, Changdeokgung Palace, Insa-dong, Gyeongbokgung Palace, Sejong Center"
DMZ Peace Co-existence area 3rd Tunnel Tour,"DMZ, DMZ"
Jinhae Cherry Blossom Festival Dy Tour (Departure from Seoul>Busan Drop Off),"Gyeonghwa Station Cherry Blossom Road, Yeojwacheon Romance Bridge"
"[Japanese only] Suwon Hwaseong Fortress, Hwaseong Fortress, 24 traditional martial arts performances & Korean Folk Village tour","Hwaseong Fortress, Hwaseong Haenggung Palace, Hwaseong Haenggung Palace, Korean Folk Village"
"Nari Park, Pink Muhly Grass, Dumulmeori Day Tour (Free Hot Dog!)","Dumulmeori, Nari Park"
Mt. Seorak National Park Private 1 Day Tour including Lunch and Cable car,Seoraksan National Park
Seoul | Coach 43 seater + English Guide | Seoul city tour,"Gyeongbokgung Palace, Bukchon Hanok Village, Myeongdong Shopping Street, Insadong, Kwangjang Market"
Seoul day tour with Professional Photographer,"Gyeongbokgung Palace, Kwangjang Market, N Seoul Tower, Gyeongbokgung Palace, Kwangjang Market, N Seoul Tower"
VIP Private 1 Day Gyeongju tour,"Bulguksa Temple, Seokguram, Cheomseongdae Observatory"
Mount Seorak and Sokcho Customizable Private Tour ,"Seoraksan National Park, Sinheungsa Temple, Gwongeumseong Fortress, Biseondae Rocks, Daepo Port"
Full-Day Guided Tour of Jeju with Lunch,"Mysterious Road (Dokkaebi Road), Hallasan National Park, Jeju Stone Park, Daepo Haean Jusangjeolli Cliff, Oedolgae, Jeju"
Full-Day Korea Autumn Flavor Tour to Kanghwa Island from Seoul,"Ganghwa-gun, Ganghwado, Seokmodo Mineral Hot Spring, Seokmodo Mineral Hot Spring, Bomunsa Temple"
1 Day K-Drama Tour 2 (Gapyeong),"Nami Island, Petite France, The Garden of Morning Calm"
Summer Activity in Korea: Water Leisure Tour at Gapyeong with Private Transfer,Gapyeong-gun
Old & Newtro Seoul Tour,"Sangchonjae, Dae Oh Bookstore, Tongin Market, Dongmyo Flea Market, Shinheung Market"
"Full-Day Traditional Healing Tour in Naju Korea, KTourTOP10","Jeollanamdo Forest Resources Institute, Naju, Munpyeong-myeon"
Beautiful Palaces of Seoul Private Tour: Dynasties & History,"Deoksugung, Gyeongbokgung Palace, Jeongdong Observatory"
Chuncheon Taxi Tour 3Hours,"구봉산, Sinbuk-eup"
Busan's top 5 tourist attractions one day & night tour,"Haedong Yonggungsa, Oryukdo Skywalk, Taejongdae, The Bay 101 Yacht Club"
Full-Day Jinhae Cherry Blossom festival Private tour,"Gyeonghwa Station Cherry Blossom Road, Anmingogae Pass, Jehwangsan Park, Naval Academy, Yeojwacheon Stream, Jangboksan Sculpture Park, Busan, Gyeonghwa Station Cherry Blossom Road, Anmingogae Pass, Jehwangsan Park, Naval Academy, Yeojwacheon Stream, Jangboksan Sculpture Park, Busan"
"Full-day Hadong, Gwangyang, Cherry blossom, Green Tea Fields Private Tour","Seomjingang River, Hwagae Market, Ssanggyesa Temple, 도심다원, Gwangyang Maehwa Village, 광양 불고기 특화거리, Busan, Seomjingang River, Hwagae Market, Ssanggyesa Temple, 도심다원, Gwangyang Maehwa Village, 광양 불고기 특화거리, Busan"
Pocheon Korean Traditional Wine and Art Valley Tour,"Pocheon Art Valley, Traditional Liquor Museum Sansawon"
Full Day Tour at Incheon Gangwha Island,"Gyodong Daeryong Market, Ganghwa Peace Observatory, Joyang Textile, Sochang Cheheomgwan, Gyodong Daeryong Market, Ganghwa Peace Observatory, Joyang Textile, Sochang Cheheomgwan"
BTS Live Virtual Tour of Seoul with Local Guide,"Gwanghwamun Square, Gyeongbokgung Palace, Cheongwadae Sarangchae, Tongin Market, Dae Oh Bookstore, 대선칼국수, Gwanghwamun Square, Gyeongbokgung Palace, Cheongwadae Sarangchae, Tongin Market, Dae Oh Bookstore, 대선칼국수"
Self-Guided Tour in Yangyang,"Naksansa Temple, Yangyang Surfyy Beach, Hajodae, Nonhwa-ri"
Full-day Seoul City Tour with Traditional Costume,"Bukchon Hanok Village, Jogyesa Temple, Gyeongbokgung Palace, The Blue House (Cheong Wa Dae), Insadong, Namsan Park, N Seoul Tower, Gwangjang Market, Bukchon Hanok Village, Jogyesa Temple, Gyeongbokgung Palace, The Blue House (Cheong Wa Dae), Insadong, Namsan Park, N Seoul Tower, Gwangjang Market"
Gapyeong Garden and Fairy Tale Tour,"The Garden of Morning Calm, Petite France"
Royal Palace and Traditional Villages Wearing Hanbok Tour,"Gyeongbokgung Palace, Bukchon Hanok Village, Korean Folk Village"
Gangneung Nature Expedition Trekking and Bike Full-Day Tour,"Gangneung, Gangneung Jungang Market, Seoul"
Full-Day Gangneung K-culture Trekking Tour,"Gangneung, Yeongjin Beach, Jumunjin Lighthouse, Sodol Adeul Bawi Park, Hyangho Beach, Gangneung Jungang Market, Seoul"
Taste of Seoul Hannam-dong Hallyu Tour,"Yongsan Crafts Museum, Itaewon-ro 54-gil, Itaewon-ro, Itaewon-ro, Itaewon-ro, Itaewon-ro 54-gil"
"N Seoul Tower, Bukchon Hanok Village Morning Tour","Namsan Park, Bukchon Hanok Village"
Insa-dong & Ikseon-dong Hanok Village Makgeolli Tour,"Seoul Museum Of Korean Folk Music, Seosulla-gil, Seosulla-gil, 1st floor, 31-4 Donhwamun-ro 11na-gil, Donhwamun-ro 11-gil"
Full Day Ski Tour From Seoul to Yongpyong Ski Resort,Yongpyeong-myeon
Jeju island Private Taxi Tour - South of Jeju island,"O’sulloc Tea Museum, Yongmeori Beach, Cheonjeyeon Falls"
Jeju island Private Taxi Tour - UNESCO SITE,"Seongsan Ilchulbong, Manjanggul Cave, Woljeongri Beach"
'My Love From The Star' TV Tour Including Petite France,"Seoul, Petite France, Gapyeong-gun, N Seoul Tower, Namsangol Hanok Village, Seoul"
Full Day Seoul City Tour with K-POP Yeongdong-Daero Concert ,"Cheonggyecheon Stream, Sewoon Arcade (Makercity Sewoon), Kwangjang Market, Bongeunsa Temple, Yeongdong-daero"
Gyeongju Maple Tour from Busan ,"Busan, Bomun Lake, Tongiljeon, Cheomseongdae, Bulguksa Temple, Busan"
"Central Mosque, Nami Island and Rail Bike with Sheep Ranch Tour","Seoul, Gangchon Rail Park, Nami Island, 가평양떼목장카페, Seoul Central Mosque, Seoul"
Full Day Tour in Nami Island Sansa Garden and Gangchon Rail Park,"Seoul, Gangchon Rail Park, Nami Island, Traditional Liquor Museum Sansawon, Seoul"
Fantasia Daegu Festa Tour ,"Gasan Supia, Dongseong-ro Spark, Daegu, Gasan Supia, Dongseong-ro Spark, Daegu"
Yeoncheon Tour with Welcome Daehakro Opening Ceremony,"132, JaeIn Waterfall, Daehak-ro, 132, JaeIn Waterfall, Daehak-ro"
Wearing Hanbok Walking Tour in Bukchon with Liquor Tasting,"Changdeokgung Palace, Bukchon Hanok Village, Bukchon Hanok Village"
Kids Friendly Seoul Tour with Welcome Daehakro - Pyeongtaek,"Changdeokgung Palace, 215, Daehak-ro, Changdeokgung Palace, 215, Daehak-ro"
Scenic Jiri Mountain Autumn Foliage One Day Tour,Jirisan National Park
Cheapest Korea Ski Tour with the Dazzling Snow,Cosmo. Jin Tour - Day Tours
Ski tour & Nami Island,Cosmo. Jin Tour - Day Tours
 Odaesan National Park Autumn Foliage Tour,"Odaesan National Park, Woljeongsa Temple"
"Seoul Central Mosque, Nami Island and Petite France Tour","Seoul, Petite France, Nami Island, Seoul Central Mosque, Seoul"
Busan Private Hiking Tour : Panoramic Views Awaits,"Beomeosa Temple, Geumjeongsan Mountain, Cheongnyongyejeon-ro 99beon-gil"
"Full Day Tour in Nami, Sansa Garden and Garden of Morning Clam","Seoul, Nami Island, The Garden of Morning Calm, Seoul"
Myeongdong Tour and K-POP Shopping with Traditional Lunch,"Seoul Global Cultural Center, Myeongdong Shopping Street, Myeong-dong Cathedral, Myeongdong Kyoja Main Store, Lotte Department Store Main"
DMZ Tour: The 3rd Tunnel & Dokgae Bridge from Seoul (No Shopping),"Imjin River Dokgae Bridge, DMZ, The Third Tunnel, Dorasan Station"
Essential Seoul Tour in the Magnificent Palace with a Hanbok,"Gyeongbokgung, Jogyesa Temple, Insa-dong Street"
Jeju Island Private Taxi Tour - Yongmeri Coast,"Yongmeori Coast, O’sulloc Tea Museum, Sanbangsan Mountain"
Jeju Private Taxi Tour ( Included Lunch )- South of Jeju,"Mysterious Road (Dokkaebi Road), Cheonjeyeon Falls, Daepo Haean Jusangjeolli Cliff, Yongmeori Coast, Jeongbang Waterfall"
Jeju Private Taxi Tour ( Included Lunch ) - East of Jeju,"Hamdeok Beach, Manjanggul Cave, Seongsan Ilchulbong, Seongeup Folk Village, Sangumburi Crater"
Jeju Private Taxi Tour ( Included Lunch )- West of Jeju ,"Hyeopjae Beach, Hallim Park, O’sulloc Tea Museum, Saebyeol Oreum, Hyeopjae Beach, Hallim Park, O’sulloc Tea Museum, Saebyeol Oreum"
Full-Day Legoland and Alpaca World Guided Tour from Seoul,"Alpaca World, LegolandR Korea Park, Alpaca World, LegolandR Korea Park"
 Busan Full-Day Private Tour via the KTX Train from Seoul,"Haedong Yonggungsa, Gijang Market, Jagalchi Market, Songdo Cable Car, Busan Gamcheon Culture Village, Gukje Market, BIFF Square, Haedong Yonggungsa, Gijang Market, Jagalchi Market, Songdo Cable Car, Busan Gamcheon Culture Village, Gukje Market, BIFF Square"
Bonghwa Korean Sweet Fish Festival Tour From Seoul,"Bonghwa-gun, Bonghwa-gun"
10-Hour Private Car Charter Tour on the Outskirts of Busan,"Bulguksa Temple, Oedo Botania, Skyline Luge Tongyeong"
Hwaseong UNESCO Heritage Tour,Hwaseong Fortress
Past & Present of Seoul: Half-Day Historic Walking Tour,"KTOURSTORY, Jeongdong Observatory, Gwanghwamun Square, National Museum of Korean Contemporary History, Inwangsan Mountain, Seochon Sejong Maeul Alley"
Cruise Layover: Gyeongju UNESCO Heritage tour,"Bulguksa Temple, Seokguram, Shilla Arts and Science Museum, Daereungwon Tomb Complex, Donggung Palace and Wolji Pond"
"(Private Vehicle) Busan Tailored Tour: Curation for Food,Design,History,Culture","Haedong Yonggungsa, Cheongsapo Daritdol Skywalk, Haeundae Dalmaji-gil Road, Nurimaru APAC House, Dadaepo Beach, Huinnyeoul Culture Village, Gukje Market"
Spring Relax Group! Azalea Sea Celebration x Feeding SeaGull Half-Day Tour,Yeongjong Grand Bridge
Jeonju One-day Tour,Jeonju
Essential Walking Tour including Palace and Market Tour ,"Gwanghwamun Square, Gyeongbokgung Palace, Namdaemun Market"
Private Tour: Dark History Korea Tour - DMZ & Seodaemun Prison,"DMZ, Seodaemun Prison History Hall"
Busan : Full-day trekking and spa relaxation tour by private van ,"Beomeosa Temple, Dongnae Market, Geumjeongsan Mountain, Hurshimchung Spa"
Seoul City Tour,"Gyeongbokgung Palace, Bukchon Hanok Village, Insadong, N Seoul Tower"
Busan City Tour Including Gamcheon Culture village and Haedong Yonggungsa Temple,"Busan Gamcheon Culture Village, Gukje Market, Jagalchi Market, Oryukdo Skywalk, Nurimaru APAC House, Haeundae Dalmaji-gil Road, Haedong Yonggungsa, Hwangnyeongsan Mountain"
"Small Group Tour:Strawberry,NamiIsland,PetiteFrance,Snow Sliding,Light Festival","양수리딸기체험농장, Nami Island, Petite France, Gapyeong Sledding Hills, The Garden of Morning Calm"
Busan City Tour Including Haedong Yonggungsa Temple And APEC House,"Oryukdo Skywalk, UN Memorial Cemetery, Nurimaru APAC House, Haeundae Dalmaji-gil Road, Haedong Yonggungsa, Hwangnyeongsan Mountain"
Winter Nami Island Tour: Strawberry Farm and Garden of Morning Calm Winter Light Display,"Yangpyeong-gun, Nami Island, The Garden of Morning Calm"
Seoul Market Tour with a Local: 100% Personalized & Private,Namdaemun Market
ARMY must visit BTS tour in Seoul-no active,"HYBE INSIGHT, Hakdong Park, Big Hit Entertainment, Hyuga, Yoojung Sikdang"